REDONTAP,Proposal for the Continuous Proliferation Simultaneous Maturation of Haematopoietic Stem Cells into Blood Cell Lineages,http://redontap.com/,,,,,,,,,,
NEUROFAST,The Integrated Neurobiology of Food Intake Addiction and Stress,http://www.neurofast.eu/,http://www.neurofast.eu/,https://www.karger.com/Article/FullText/338824,http://www.unibo.it/en/research/projects-and-initiatives/Unibo-Projects-under-7th-Framework-Programme/cooperation-1/food-agriculture-fisheries-biotechnology-kbbe/neurofast,http://www.gu.se/omuniversitetet/vara-fakulteter/omdirigering-person/?userId=xdicsu&languageCode=en,http://www.eufic.org/webinars/diets-efad2015/about.html,http://www.sciencedirect.com/science/article/pii/S0149763414002140,https://medhealth.leeds.ac.uk/profile/1300/1026/daryl_o'connor/3,http://www.usc.es/cimus/en/research/research-groups/functional-obesomics,http://www.sinchem.eu/wp-content/uploads/2014/02/4_Gamberini_How-to-build-a-successful-proposal.pdf,http://www.karger.com/article/pdf/349916
NANODIRECT,Toolbox for Directed and Controlled Self Assembly of nano Colloids,http://nanodirect.eu/,http://www.fz-juelich.de/ics/ics-2/EN/Home/home_node.html,http://www.kuleuven.be/research/researchdatabase/researchteam/50000508.htm,https://www.materials.uoc.gr/en/general/personnel/georgp_cv.pdf,http://bookshop.europa.eu/en/nanotechnology-pbKI3013325/downloads/KI-30-13-325-EN-C/KI3013325ENC_002.pdf;pgid=y8dIS7GUWMdSR0EAlMEUUsWb0000Gho_fC38;sid=Fn1fd9slL9Zfeor1JQnB0LkAtL4jJ5ZGCA8=?FileName=KI3013325ENC_002.pdf&SKU=KI3013325ENC_PDF&CatalogueNumber=,http://opidi.org/files/presentacion/Actividades%20financiadas%20FP7-%20Galicia-%20Septiembre%202013.pdf,http://pubs.acs.org/doi/full/10.1021/nn100869j,,,,
ALFA-BIRD,Alternative Fuels and Biofuels for Aircraft Development,http://www.alfa-bird.eu-vri.eu/,http://www.aerodays2015.com/wp-content/uploads/sites/20/1B-4-Yohan-Allouche.pdf,http://www.airtn.eu/downloads/airtn-alfabird-web-sent-2012.pdf,http://www.eu-vri.eu/home.aspx?lan=230&tab=23&itm=32&pag=34,http://www.core-jetfuel.eu/nav/initiatives_projects.aspx,http://www.icao.int/Meetings/EnvironmentalWorkshops/Documents/2011-SUSTAF/18_Jeuland.pdf,http://www.sheffield.ac.uk/mecheng/lccc/research-activities,http://www.icao.int/environmental-protection/GFAAF/scripts/Multi-stakeholders.html,http://biofuelstp.eu/aviation-biofuels.html,http://www.transport-research.info/sites/default/files/thematic-analysis/20150430_165733_97818_TRS16_fin.pdf,https://online.tugraz.at/tug_online/voe_main2.getVollText?pDocumentNr=371088&pCurrPk=71909
IMAGEMEND,IMAging GEnetics for MENtal Disorders,http://www.imagemend.eu/,http://www.brainvoyager.com/company/jobs_imagemend.html,http://www.imagemend.eu/presentation/,http://www.nature.com/neuro/journal/v17/n6/fig_tab/nn.3718_T1.html,http://www.imagemend.eu/,http://www.concentris.de/en/projects.html,http://www.eurecnet.org/newsletter/NewsletterArchive/EUREC_Newsletter_2014_1.pdf,https://web.stanford.edu/~richiard/papers/2015-Richiardi-Science.pdf,http://www.nouvelles.umontreal.ca/udem-news/news/20140812-adhd-substance-abuse-and-conduct-disorder-develop-from-the-same-neurocognitive-deficits.html,http://enigma.ini.usc.edu/wp-content/uploads/2015/07/ENIGMA-GWAS-Overview-Nature-Neuroscience-Medland-S-2014.pdf,https://www.unipi.it/index.php/unione-europea/item/download/1413_69d0fedf83e672a977f1f012eafd2b62
LEMSUPER,LIGHT ELEMENT MOLECULAR SUPERCONDUCTIVITY AN INTERDISCIPLINARY APPROACH,http://lemsuper.eu/,http://www.lemsuper.eu/,http://www.jst.go.jp/inter/english/sicorp/country/eu.html,http://www.lemsuper.eu/project-overview,https://www.sissa.it/international-financings,http://www.lemsuper.eu/ushimado,http://www.j-bilat.eu/documents/seminar/as_3/presentation_as3_gt.pdf,http://www.wpi-aimr.tohoku.ac.jp/prassides_labo/research/index.html,http://www.2020-horizon.com/Photocatalytic-materials-for-depollution-i310.html,http://www.researchranking.org/index.php?action=partner&p=dce,https://www.uni-mainz.de/forschung/200_DEU_HTML.php
SEAT,Sustainable trade in ethical aquaculture,http://seatglobal.eu/,http://seatglobal.eu/,http://www.seaweb.org/markets/seat.php,http://www.uib.no/en/svt/24039/eu-fp7-seat-sustaining-ethical-aquaculture-trade,http://www.seaweb.org/getinvolved/oceanvoices/DaveLittle.php,http://www.seatbau.net/eng/,http://www.arraina.eu/arraina-useful-links/relevant-projects,http://www.asemaquaculture.org/37-news/newsflash/66-9afaf,https://www.youtube.com/watch?v=NB6BWv5jPyc,https://www.facebook.com/SEATGlobal,http://agri.eco.ku.ac.th/cv_detail/Kudilok_S_Kulapa.html
EURO-JUSTIS,SCIENTIFIC INDICATORS OF CONFIDENCE IN JUSTICE TOOLS FOR POLICY ASSESSMENT,http://www.eurojustis.eu/,http://www.eurojustis.eu/cnrs.html,http://www.advise-project.eu/content/interesting-links,http://www.eurojustis.eu/fotoweb/34.pdf,http://csd.bg/index.php?id=92,http://www.eurojustis.eu/icpr.php,http://www.icpr.org.uk/media/31613/Final%20Euro-Justis%20report.pdf,http://www.scoopproject.org.uk/1crime-and-confidence-the-benefits-of-trust.aspx,http://www.heuni.fi/en/index/researchareas/confidenceinthecjs.html,http://www.csd.bg/artShow.php?id=9666,http://eprints.bbk.ac.uk/4507/1/4507.pdf
MONACAT,Monolithic reactors structured at the nano and micro levels for catalytic water purification,http://nano4water.eu/?id=48,https://nano4water.vito.be/n4wprojects/Pages/monacat.aspx,http://www.fetric.eu/component/phocadownload/category/14-nanotechnologies-advanced-materials-advanced-manufacturing-and-processing-biotechnology.html?download=34:successful-european-nanotechnology-research,http://www.utm.my/visitingscholars/files/2014/08/CV-Prof.-Lioubov-Kiwi08182014161642.pdf,https://www.epa.ie/pubs/reports/research/horizon2020/Final_Small%20Scale%20Study%20Mapping%20Water%20Research%20Excellence%20Part%202.pdf,http://www.icb.csic.es/fileadmin/infoGeneral/Memoria_2010.pdf,http://www.icb.csic.es/fileadmin/infoGeneral/Memoria_ICB_2011.pdf,,,,
EUSTROKE,European Stroke Research Network,http://www.europeanstrokenetwork.eu/,http://www.justbrain-fp7.eu/index.php?id=768,http://esrf.website/,http://www.solvobiotech.com/about-solvo/grants,http://www.stopafib.org/downloads/News436.pdf,http://www.eso-stroke.org/,https://www.stroke.org.uk/research/european-research/join-us,http://bookshop.europa.eu/en/research-eu-results-magazine-pbZZAC13001/downloads/ZZ-AC-13-001-EN-N/ZZAC13001ENN_002.pdf?FileName=ZZAC13001ENN_002.pdf&SKU=ZZAC13001ENN_PDF&CatalogueNumber=ZZ-AC-13-001-EN-N,https://www.stroke.org.uk/research/european-research,http://europeanstrokenetwork.eu/index.php?option=com_content&view=archive&Itemid=162,http://www.strokecenter.org/professionals/resources/guidelines-consensus-statements/
RUDI,Assessing the Impact of Rural Development Policies,http://www.rudi-europe.net/,http://www.rudi-europe.net/,http://www.ccri.ac.uk/rudi/,http://www.nordregio.se/en/Nordregio-Research/Assessing-the-Impact-of-Rural-Development-Policies-RuDI/,http://www.rudi-europe.net/uploads/media/RuDI_info_leaflet.pdf,http://www.ifls.de/projekt-077.html?&L=1,http://ageconsearch.umn.edu/bitstream/157976/2/EAAE%20paper%20Ljubliana%20Mantino.pdf,http://www.ifls.de/arbeitsbereich1.html?&L=1,http://econ.core.hu/file/download/mtdp/MTDP1008.pdf,http://www.regionalstudies.org/uploads/funding/conferences/presentations/international-conference-2011/dax.pdf,http://www.farmpath.eu/partners
NANORUCER,Mapping the NANOtechnology innovation system of RUssia for preparing future Cooperations between the EU and Russia,http://nanorucer.de/nanorucer/inhalte/start.php,http://www.nanorucer.eu/,http://www.innogen.ac.uk/people/Thomas%20Reiss,http://www.nanofutures.eu/sites/default/files/semidec%20promotion%20guide_1.pdf,http://www.isi.fraunhofer.de/isi-en/t/mitarbeiter-seiten/at.php,http://www.access4.eu/_media/EU-RU_Road_map_2011_2013_with_accessru_presentation.pdf,,,,,
DETECTER,Detection Technologies Terrorism Ethics and Human Rights,http://www.detecter.bham.ac.uk/index.shtml,http://www.detecter.eu/,http://www.eui.eu/Documents/DepartmentsCentres/Law/Professors/Scheinin/detecter.pdf,http://www.detecter.eu/index.php?option=com_content&view=section&id=1&layout=blog&Itemid=3,http://www.detecter.bham.ac.uk/,https://surveille.eui.eu/links/,http://results.ref.ac.uk/DownloadFile/ImpactCaseStudy/pdf?caseStudyId=38902,http://www.eab.org/information/fp7_projects.html,https://en.wikipedia.org/wiki/Martin_Scheinin,http://www.vub.ac.be/LSTS/members/vermeulen/,http://efus.eu/en/topics/tools-and-methods/technologies/partners/2323/
EURONANOMED,EUROpean network of trans national collaborative RTD in the field of NANOMEDicine,http://www.euronanomed.net/,http://www.euronanomed.net/,https://www.era-learn.eu/network-information/networks/euronanomed-ii,http://www.euronanomed.net/files/Strategic_Agenda_for_EuroNanoMed.pdf,http://www.etp-nanomedicine.eu/public/about-nanomedicine/european-funding,https://www.pt-it.de/ptoutline/application/euronanomed,http://www.transcanfp7.eu/transcan/mod/resource/view.php?id=32,http://www.agence-nationale-recherche.fr/en/international-cooperation/the-european-research-area/,https://www.eurotransbio.eu/lw_resource/datapool/_items/item_68/eranet_series2_en.pdf,http://www.siaf.uzh.ch/international_networks.html,http://www.nanophoto.de/index.php?id=148
NAIMIT,Novel immunotherapies for type 1 diabetes,http://naimit.eu/,http://naimit.eu/,http://www.touchendocrinology.com/articles/story-naimit-framework-7-project-type-1-diabetes,http://naimit.eu/http://naimit.eu/wp-content/uploads/Our-results-year-3-dec-2012.pdf,http://www.sciencemag.org/careers/features/2014/11/eu-s-recipe-create-jobs-innovate,http://naimit.eu/?cat=4,http://www.ncbi.nlm.nih.gov/pmc/articles/PMC3628322/,http://www.jimmunol.org/content/195/1/386,http://www.ncbi.nlm.nih.gov/pmc/articles/PMC3312399/,http://www.igc.gulbenkian.pt/pages/groups.php/A=38___collection=groups___group=1,http://onlinelibrary.wiley.com/doi/10.1111/cei.12085/full
SP4ESP,Implementing the European Space Policy A Coherent European Procurement Law and Policy for the Space Sector Towards a Third Way,http://www.sp4esp.eu/,http://www.sp4esp.eu/fileadmin/user_upload/SP4ESP_web_summary.pdf,https://ghum.kuleuven.be/ggs/wp149-hansen-woutersx.pdf,http://www.bho-legal.com/en/lawyers/dr-oliver-heinrich/,http://soc.kuleuven.be/iieb/JMCE/activity-reports.php,http://www.cuni.cz/UKEN-127.html,http://www.researchranking.org/index.php?action=partner&p=deFa,http://www.sciencedirect.com/science/article/pii/S0265964612000276,,,
KNOWLEDGE2INNOVATION,Promoting the exploitation of scientific knowledge through academia industry cooperation in the Knowledge Based Bio Economy in Europe and beyond,http://knowledge2innovation.eu/,http://knowledge2innovation.eu/about,https://es.linkedin.com/in/anamartinezeuadvisor,https://es.linkedin.com/in/sara-castell%C3%B3-6bb60512,,,,,,,
NAD,NANOPARTICLES FOR THERAPY AND DIAGNOSIS OF ALZHEIMER DISEASE,http://www.nadproject.eu/,http://www.nadproject.eu/,http://www.stabvida.com/en/i-d/projects,http://www.nadproject.eu/index.php?option=com_content&view=article&id=32&Itemid=36,http://www.alzforum.org/news/research-news/eu-consortium-applies-nanotechnology-study-ad,http://www.dimet.org/team-view/massimo-masserini/,http://www.etp-nanomedicine.eu/public/about-nanomedicine/european-funding,https://www.researchitaly.it/en/understanding/press-media/news/best-project-award-to-nad-on-alzheimer-s-disease/,http://www.biotalentum.hu/news,https://tel.archives-ouvertes.fr/tel-00692581/document,http://www.nanovector-to.it/a-story-of-research.html
COPIRIDE,Combining Process Intensification driven Manufacture of Microstructured Reactors and Process Design regarding to Industrial Dimensions and Environment,http://www.copiride.eu/,http://www.microinnova.com/index.php/en/about-us/partners-and-projects,http://www.degruyter.com/dg/viewarticle.fullcontentlink:pdfeventlink/$002fj$002fgps.2013.2.issue-5$002fgps-2013-0080$002fgps-2013-0080.pdf?t:ac=j$002fgps.2013.2.issue-5$002fgps-2013-0080$002fgps-2013-0080.xml,http://onlinelibrary.wiley.com/doi/10.1002/apj.1894/abstract,http://www.spire2030.eu/uploads/IMPACT_WORKSHOP/1._S1-D1_Process_Optimization__Andrzey_Gorak.pptx,https://uk.linkedin.com/in/keithsimons,http://www.utm.my/visitingscholars/files/2014/08/CV-Prof.-Lioubov-Kiwi08182014161642.pdf,http://www.indusmagic.org/downloadabledocuments/article_1.pdf,http://www.ncpwallonie.be/assets/76e1acfd-c8da-49e4-bbdc-3a921ae56cb3/spire-presentation-du-ncp-wallonie.pdf,http://www.chisa.cz/2012/ScientificProgram.aspx,http://www.era-capita.eu/binaries/content/assets/bestanden/capita/d-1.3-applied-catalysis-and-proces-technology-roadmap-2010-2015.pdf
GAMEXP,Genomic approaches to metabolite exploitation from Xenorhabdus Photorhabdus,http://www.gamexp.eu/,http://www.gamexp.eu/,http://eurice.eu/projects/a-to-z/,http://www.gamexp.eu/index.php?id=10307&tx_ttnews%5Btt_news%5D=8348&cHash=0bec990f1d3a0281a4cd96213246aaeb,http://eurice.eu/projects/life-sciences/,http://www.pubfacts.com/author/Helge+B+Bode,,,,,
SAFE-COMMS,Counter Terrorism Crisis Communications Strategies for Recovery and Continuity,https://faculty.biu.ac.il/~sshpiro/,http://www.safe-comms.eu/,http://www.rieas.gr/organization/68-john-m-nomikos-phd,http://newwestminstercollege.ca/fellow-no-16/,https://networks.h-net.org/users/john-m-nomikos,http://collegeofintelligencestudies.com/admn.php,"http://www.practice-fp7-security.eu/doc_module,1,MjI=.html",http://www.ulster.ac.uk/comm/files/2014/10/SAFE-COMMS-Manual-final_en.pdf,http://www.statewatch.org/news/2010/nov/russell-tribunal--on-palestine-ben-hayes.pdf,http://www.decotessc1.eu/Demonstration_issues.pdf,http://thediplomaticinsight.com/?page_id=249
HEALTHATWORK,An inquiry into the health and safety at work a European Union perspective,http://www.abdn.ac.uk/haw/,https://www.abdn.ac.uk/haw/,http://www.abdn.ac.uk/haw/MilanHAWConference.pdf,https://osha.europa.eu/en/tools-and-publications/publications/reports/priorities-for-occupational-safety-and-health-research-in-europe-2013-2020,https://www.wiso.uni-hamburg.de/fileadmin/sozialoekonomie/vwl/amg/Beblo_Publikationen/Health_at_Work_-_Beblo__Schneider__2010.pdf,https://osha.europa.eu/en/tools-and-publications/publications/reports/209,http://www.uom.gr/media/docs/ode/cv_v_aletras/theodosiou.pdf,http://www.enetosh.net/,https://mpra.ub.uni-muenchen.de/30764/,https://www.etui.org/content/download/19602/151670/file/1-Elke%20Scneider.pptx,http://sites.cardiff.ac.uk/wellbeingconnect/members/melanie-jones-department-of-economics-swansea-university/
LIVEDIVERSE,Sustainable Livelihoods and Biodiversity in Riparian Areas in Developing Countries,http://www.Livediverse.eu/,http://www.csir.co.za/research_and_development/docs/CSIR_and_its_Activities_in_the_EU_FPs_August_2010_Update.pdf,http://www.livediverse.eu/project-concepts-and-methods/livediverse-methodology,http://www.innovationseeds.eu/Funding_Guide/Funding_Sheets/FP7-ENVIRONMENT.kl,http://www.polsca.be/ppt/090527/AS.pdf,http://www.livediverse.eu/wp-content/uploads/2009/07/ClimateSmartAgriculture-.pdf,https://www.cbd.int/sbstta/sbstta-19/eu-notif-2015-045.pdf,http://euroindiaresearch.org/fp7_india_indiaFP7.htm,http://www.livediverse.com/2009/09/introduction.html,http://www.gppq.fct.pt/_7pq/_docs/brochuras/online/fp7_catalogue_projects_2007-2012.pdf,
HAMLET,Human ModeL MATROSHKA for Radiation Exposure Determination of Astronauts,http://www.fp7-hamlet.eu/,http://www.fp7-hamlet.eu/,http://www.esf.org/hosting-experts/expert-boards-and-committees/space-sciences/activities/astromap.html,http://www.dlr.de/rd/Portaldata/28/Resources/dokumente/rp6/veranstaltungen/H2020_Brussels/d2-03-protect/CHATARD_MOULIN.pdf,http://publik.tuwien.ac.at/files/PubDat_197198.pdf,http://space-env.esa.int/tl_files/tec-ees/misc/seenotc/Recent%20and%20futureEuropean%20Measurements-red.pdf,http://www.spaceweather.eu/eu-fp7,http://www.ifj.edu.pl/pro/ue/zakonczone.php?lang=en,http://eoem.aeronomie.be/,http://www.ifj.edu.pl/pro/ue/zakonczone.php?lang=pl,http://www.researchranking.org/index.php?action=partner&p=dwIv
LOTUS,Localisation of Threat Substances in Urban Society,http://www.foi.se/en/Customer--Partners/Projects/LOTUS1/LOTUS/,http://www.foi.se/en/Customer--Partners/Projects/LOTUS/LOTUS/,http://www.emcdda.europa.eu/html.cfm/index218269EN.html,http://www.ballistics.org/sponsors.php,https://www.kth.se/profile/183136/page/european-projects/,http://www.ait.gr/export/sites/default/ait_web_site/pdf_projects/LOTUS.pdf,http://tassosdimitriou.com/projects/,http://secrab.eu/secrab-clients,http://btn.frontex.europa.eu/taxonomy/term/499,http://www.computer.org/csdl/proceedings/eisic/2011/4406/00/4406a238.pdf,http://www.surrey.ac.uk/cs/research/ss/people/athanasios_giannetsos
WHYWEAGE,A road map for European ageing research,http://www.whyweage.eu/,http://www.whyweage.eu/,http://www.shef.ac.uk/polopoly_fs/1.227916!/file/Research-briefing_futurage.pdf,http://www.futurage.group.shef.ac.uk/biogerontology.html,http://www.britishgerontology.org/Private/2388/Live/Doing%20European%20Ageing%20Research%20(Alan%20Walker).pdf,http://www.futurage.group.shef.ac.uk/assets/files/Final%20road%20map/FUTURAGE%20A%20Road%20Map%20for%20European%20Ageing%20Research%20-%20October%202011.pdf,https://peerj.com/preprints/295.pdf,http://school.med.uoa.gr/index.php?option=com_content&view=article&id=739&Itemid=0&jsmallfib=1&dir=JSROOT&download_file=JSROOT/Zouboulis+Christos.pdf,http://www.creator7.eu/wp-content/uploads/2012/05/Microsoft-Word-projets-vieillissement-v2-_2nd-workshop_.pdf,http://ipt-mcac.biol.uoa.gr/,http://www.biol.uoa.gr/fileadmin/biol.uoa.gr/uploads/Full_CVs/Trougakos_I_XII_11_Eng.pdf
NEMO,Novel high performance enzymes and micro organisms for conversion of lignocellulosic biomass to bioethanol,http://nemo.vtt.fi/,http://nemo.vtt.fi/,http://www.wip-munich.de/project-events/projectevents2011/11-wip-munich/projects-sp-478/399-recentlyfinalisedanongoingprojects.html,http://nemo.vtt.fi/Parliament%20Magazine1.pdf,http://www.biolyfe.eu/links.html,http://www.epsoweb.org/fp7-plant-research-projects-0,http://biofuelstp.eu/cellulosic-ethanol.html,http://web.bf.uni-lj.si/bi/biologija-mikroorganizmov/Research.htm,http://www.biofuelstp.eu/factsheets/ethanol-fact-sheet.html,https://tuhat.halvi.helsinki.fi/portal/en/persons/annele-hatakka(6bf894fb-d64b-4d4d-85ea-c72b66e6fe08).html,http://www.forestplatform.org/files/Brokerage_Event_2013/Flash_presentations/Niemela_Klaus_-_VTT.pdf
INDECT,Intelligent Information System Supporting Observation Searching and Detection for Security of Citizens in Urban Environment,http://www.indect-project.eu/,http://www.indect-project.eu/,https://en.wikipedia.org/wiki/INDECT,https://surveille.eui.eu/links/,https://www.iisg.agh.edu.pl/grants.html,http://www.stopp-indect.info/index.php/en/about,http://link.springer.com/chapter/10.1007%2F978-3-642-30721-8_1,https://de.wikipedia.org/wiki/INDECT,http://link.springer.com/chapter/10.1007%2F978-3-642-38559-9_3,http://www.eab.org/information/fp7_projects.html,http://adscom.it.uc3m.es/research
ECONWELFARE,Good animal welfare in a socio economic context Project to promote insight on the impact for the animal the production chain and society of upgrading animal welfare standards,http://www.econwelfare.eu/,http://www.econwelfare.eu/publications/EconWelfareD0.5_Findings_conclusions_and_recommendations.pdf,http://www.ncl.ac.uk/cre/people/profiles/ch.htm,http://www.econwelfare.eu/publications/EconWelfareD1.2Report_update_Nov2010.pdf,http://www.fibl.org/en/team/schmid-otto-en.html,http://www.econwelfare.eu/projectfacts/projectfacts.aspx,http://ifsa.boku.ac.at/cms/fileadmin/Proceeding2010/2010_WS4.5_Schmid.pdf,http://www.econwelfare.eu/newsletters/2011_02_newsletter_EconWelfare.pdf,http://www.animalwelfareintergroup.eu/wp-content/uploads/2012/05/D.-Tissot-Presentation-19April-2012-ppt-Copy.ppt,http://www.fibl.org/en/switzerland/research/eu-projects.html,http://www.ncbi.nlm.nih.gov/pmc/articles/PMC4494447/
SELFDOTT,From capture based to SELF sustained aquaculture and Domestication Of bluefin tuna Thunnus thynnus,https://sites.google.com/site/selfdottpublic/,https://sites.google.com/site/selfdottpublic/,http://archimer.ifremer.fr/doc/00029/14015/11205.pdf,http://www.ocean.org.il/eng/researches/NationalCenterToSeaAgriculture.asp,http://www.repositorio.ieo.es/e-ieo/bitstream/handle/10508/1119/SELFDOTT%20FINAL%20REPORT%20(ABSTRACT).pdf?sequence=1,http://www.ecophysiologie.hhu.de/en/head/curriculum-vitae.html,http://www.repositorio.ieo.es/e-ieo/bitstream/handle/10508/1011/5216.pdf?sequence=1,http://www.mu.ieo.es/index.php?option=com_content&view=article&id=91:dr-fernando-de-la-gandara-garcia&catid=45,http://journals.plos.org/plosone/article?id=10.1371/journal.pone.0121924,http://www.hcmr.gr/gr/upload_files/File/BIGCV_IMBG_Kotoulas_GB.pdf,http://www.sciencedaily.com/releases/2011/05/110520092831.htm
ESPRIT,Resource Efficient Self Reinforced Plastic Materials and Processing,http://www.espritproject.eu/,http://www.promolding.nl/contentdownloads/2012-_Esprit_Brochure.pdf,https://uk.linkedin.com/pub/clara-frias/b/528/9a,http://www.imperial.ac.uk/sitemap/,http://www.issb-project.com/upload/links/i-ssb-doc-searches.doc,https://archive.org/stream/Natural_Capitalism-The_Next_Industrial_Revolution/Natural_Capitalism-The_Next_Industrial_Revolution_djvu.txt,http://aei.pitt.edu/39305/1/Esprit_90_91.pdf,http://www.encyclopedia.com/topic/France.aspx,http://aei.pitt.edu/39309/1/Esprit.1991.Conf..pdf,http://www.hse.gov.uk/acronym/,http://www.northsea.org/index.php/documents/doc_download/1121-horizon-2020-transport-projects
NHECD,Nano health environment commented database,http://www.nhecd-fp7.eu/index.php?id=515,http://www.nhecd-fp7.eu/,http://link.springer.com/chapter/10.1007%2F978-0-387-09823-4_64,http://www.nanowerk.com/news2/newsid=32628.php,http://www.fp6-cellnanotox.net/5.html,http://jncc.defra.gov.uk/pdf/gbsc_0907nanotechnology.pdf,http://www.slideshare.net/rijuchandran/human-exposure-to-nanosized-materials,http://www.beswic.be/nl/topics/chemicals_cancerigens_mutagenes_agents/nanotechnology/nanomaterials_report_alone.pdf,http://www.tp21.com/index.php?id=316,http://www.fooddrinkeurope.eu/uploads/events_documents/4._Katalangarianakis.pdf,http://iopscience.iop.org/article/10.1088/1749-4699/7/1/014001/meta
GILDED,Governance Infrastructure Lifestyle Dynamics and Energy Demand European Post Carbon Communities,http://gildedeu.hutton.ac.uk/,http://gildedeu.hutton.ac.uk/infosheet,https://www.pik-potsdam.de/members/corinnaa,http://www.react-transport.eu/index.php/relevant-links,http://nickgotts.weebly.com/recent-research-projects.html,http://www.tk.mta.hu/en/researcher/megyesi-boldizsar,http://nickgotts.weebly.com/publications.html,http://sockom.helsinki.fi/fiss/international/kovach_cv.pdf,http://hetfa.eu/people/senior-research-fellows-analysts/,http://www.scoopproject.org.uk/1post-carbon-communities--linking-climate-change-and-energy-use.aspx,http://www.ecoology.org/wp-content/uploads/CV-JV-en.pdf
SALMOTRIP,Feasibility study of triploid salmon production,http://www.salmotrip.stir.ac.uk/,http://www.eatip.eu/shortcut.asp?FILE=859,http://rms.stir.ac.uk/converis-stirling/person/10973,http://www.salmotrip.stir.ac.uk/,http://www.aquaexcel.eu/index9f42.html?option=com_k2&view=item&layout=item&id=43&Itemid=250,http://www.salmotrip.stir.ac.uk/downloads/Salmotrip.pdf,http://www.dfo-mpo.gc.ca/csas-sccs/Publications/ResDocs-DocRech/2015/2015_003-eng.pdf,http://impact.ref.ac.uk/CaseStudies/CaseStudy.aspx?Id=44013,http://www.aquaculture.stir.ac.uk/rep-gen/grants,http://www.thefishsite.com/articles/869/sterile-salmon-a-sustainable-future,http://oar.marine.ie/bitstream/10793/921/1/Website_BlueGrowthHorizon2020.pdf
NMP TEAM,Improving the services of the NMP NCP Network through Trans national Activities,http://www.nmpteam.com/,https://www.openaire.eu/search/project?projectId=corda__h2020::15ef12fb3ab6b0760a29c53cf01a7094,http://www.c-energy2020.eu/eu-networks/,http://www.ncp-biohorizon.net/support/other-ncp-networks,http://www.ergonomics-fees.eu/sites/default/files/NMP_Team_BE_KETs_2016_Strasbourg_01102015.pdf,http://www.bioelectricsurface.eu/index.php/news.html,http://www.researchranking.org/index.php?action=partner&p=dFdc,http://www.industrial-technologies2010.eu/partners,http://www.researchranking.org/index.php?action=partner&p=dTJQ,http://www.nanomile.eu/home.aspx?lan=230&tab=2479&pag=1476,http://www.industrial-technologies2010.eu/partners/nmp-team
PROMINE,Nano particle products from new mineral resources in Europe,http://promine.gtk.fi/,http://en.gtk.fi/research/program/mineralpotential/promine.html,http://www.tappi.org/content/events/10nano/papers/15.3.pdf,http://www.eurogeosurveys.org/wp-content/uploads/2014/04/Promine-17-Aprile-2014.pdf,http://www.tappi.org/content/events/10nano/project.pdf,http://www.lneg.pt/iedt/projectos/367/,http://www.impactmin.eu/downloads/lulea/012.pdf,http://promine.gtk.fi/index.php/downloads/abstracts,http://www.minexeurope.com/2015/forum-speakers/mr-juha-kaija/,http://www.primab.com/wp-content/uploads/2012/01/EU-Raw-Materials-Initiative.ppt,http://eurogeologists.eu/wp-content/uploads/2015/09/Sec-3-M-Regueiro.pdf
COGS,Collaborative Oncological Gene environment Study,http://www.cogseu.org/,http://www.cogseu.org/,http://www.nature.com/icogs/primer/cogs-project-and-design-of-the-icogs-array/,http://www.cogseu.org/index.php?start=2,http://www.phgfoundation.org/file/15380/,http://ccge.medschl.cam.ac.uk/research/consortia/,http://ki.se/en/research/eu-projects-coordinated-at-ki,https://www.klinikum.uni-heidelberg.de/Research-Projects.136187.0.html?&L=1,http://ki.se/en/people/perhal,https://www.dkfz.de/en/epidemiologie-krebserkrankungen/units/genepi/ge_pr03_COGS.html,http://www.rarecancerseurope.org/Links/General-Professional-Organisations-Research-Organisations-and-Sites
PROSPER,Prostate cancer profiling and evaluation of ncRNA,http://www.uta.fi/bmt/,http://www.erasmusmc.nl/47659/51019/1902385/1950836/GuidoJenster,http://www.uta.fi/ibt/ProspeR/,http://governmentgazette.eu/?p=5825,https://www.nice.org.uk/guidance/ng2/chapter/4-the-guideline-development-group-national-collaborating-centre-and-nice-project-team-and-declarations-of-interests,http://www.healthcompetence.eu/converis/publicweb/organisation/86874;jsessionid=f477e21b40108010e3a4225429a5?show=Project,http://www.researchranking.org/index.php?action=partner&p=dWx,https://fi.linkedin.com/in/pekkakohonen,http://www.prostate.org.au/media/60081/PCFA-2007-2008-Annual-Report.pdf,http://bmcgenomics.biomedcentral.com/articles/10.1186/1471-2164-12-54,http://www.mdpi.com/2076-3905/4/4/647/htm
ENCITE,European Network for Cell Imaging and Tracking Expertise,http://www.encite.org/cms/website.php,http://www.eibir.org/projects/fp7-projects/encite/,https://en.wikipedia.org/wiki/European_Institute_for_Biomedical_Imaging_Research,http://www.imagescience.org/meijering/projects/,http://www.biospacelab.com/m-73-partners.html,http://emids.eu/wordpress/225-2/,http://onlinelibrary.wiley.com/journal/10.1002/(ISSN)1555-4317,http://www.encite.org/cms/website.php?id=/en/index/news/news_alt.htm,http://www.peddose.net/cms/website.php?id=/en/links.htm,http://www.cim.unito.it/website/documenti/CV-Aime.pdf,https://www.unimib.it/upload/gestioneFiles/ricerca/aaaaegg/unimibineurope.pdf
EVA,Markers for emphysema versus airway disease in COPD,http://www.eva-copd.eu/,http://www.eva-copd.eu/eva/english/about_eva.html,http://erj.ersjournals.com/content/erj/46/5/1270.full.pdf,http://recodeproject.eu/research/case-studies/,http://erj.ersjournals.com/content/40/4/823,http://www.ncbi.nlm.nih.gov/pubmed/22441733,http://www.jpi-climate.eu/nl/25223074-Symposium_Designing_Comprehensive_Open_Knowledge_Policies_to_Face_Climate_Change.html?xidxpath=10866479/Session-1-Input-Bigagli-Lorenzo,http://www.sciencedirect.com/science/article/pii/S2212968513000020,http://www.unife.it/international/research/international-research-projects,https://www.med.uni-freiburg.de/EUFoerderung/EU-Projekte,http://acceleratingscience.com/biobanking/biobanks-facilitate-gains-in-lung-cancer-and-copd-research/
MASTER,Microwave Amplification by Spin Transfer Emission Radiation,http://iramis.cea.fr/spec/Phocea/Page/index.php?id=23,http://iramis.cea.fr/spec/Phocea/Page/index.php?id=23,http://emps.exeter.ac.uk/physics-astronomy/staff/rjhicken,http://iramis.cea.fr/Pisp/gregoire.deloubens/,http://julie.grollier.free.fr/CV_Grollier.pdf,https://www.linkedin.com/in/vincent-castel-03204052,http://www.ssec.wisc.edu/pubs/acronyms.php,http://www.uni-muenster.de/Physik.AP/Demokritov/Organisation/Mitglieder/demokritov.shtml,https://earthdata.nasa.gov/user-resources/acronym-list,http://www.bibliotecapleyades.net/tesla/lostjournals/lostjournals06.htm,http://etheses.lse.ac.uk/84/1/Shimizu_competition_knowledge_spillover_and_innovation.pdf
CLEAR-UP,Clean buildings along with resource efficiency enhancement using appropriate materials and technology,http://www.clear-up.eu/,http://www.clear-up.eu/wp-content/uploads/2012/01/http___www.clear-up.eu_index.php_eIDtx_nawsecuredlu0filefileadmin_clear-up_resources_2010_11_clear-up-general-english.pdf,http://tibucon.eu/docs/EeB_PPP_Workshop_Final%20Report.pdf,http://www.smartsteep.eu/wp-content/uploads/2015/07/01_STEEP_D3.1_Low_carbon_tech_study_DEF_sent.pdf,http://www.ircow.eu/Ircow.aspx?artid=22,http://www.researchranking.org/index.php?action=partner&p=dMD,http://www.sciencedirect.com/science/article/pii/S2212609013000071,http://eur-lex.europa.eu/legal-content/GA/AUTO/?uri=celex:32014D0203,http://www.un-documents.net/ocf-08.htm,http://www.eea.europa.eu/themes/economy/resource-efficiency/belgium-country-profile-on-resource,https://en.wikipedia.org/wiki/Green_building
BIOELECTRICSURFACE,Electrically modified biomaterials surface,http://www.bioelectricsurface.eu/,http://www.bioelectricsurface.eu/,http://www.lanir.eu/?q=external-links,http://www.bioelectricsurface.eu/attachments/article/36/BioElectricSurface%20Final%20Project%20Summary.pdf,http://www.photonics4life.eu/P4L/About-Photonics4Life/Members-Partners/Wroclaw-University-of-Technology,http://www.bioelectricsurface.eu/index.php/news.html,http://www.etp-nanomedicine.eu/public/news-events/events/past-etpn-events/etp-nanomedicine-general-assembly-2013/etpn-ga-2013-downloads/4.3%20Presentation%20of%20NANOMED2020%20Results%20-%20Olivier%20Fontaine.pdf/at_download/file,http://www.bioelectricsurface.eu/index.php/component/content/article/8-general-information/4-project-introduction.html,http://www.upt.ro/administrare/dgac1/file/Cercetare_P/pdf/4.%20Romania%20in%20the%20European%20Research%20Area/4.3.%20Appendix%202%20Success%20stories%20in%20FP7%20projects/4.3.11.%20LANIR.pdf,http://www.researchranking.org/index.php?action=partner&p=duFx,https://uk.linkedin.com/in/abbasigandhi
COST-EFFECTIVE,Resource and Cost effective integration of renewables in existing high rise buildings,http://www.cost-effective-renewables.eu/,http://www.cost-effective-renewables.eu/,https://www.ise.fraunhofer.de/en/business-areas/solar-thermal-technology/research-topics/solar-thermal-facades/projects/completed-projects/cost-effective,http://projectgenic.eu/?page_id=73,http://www.smartsteep.eu/wp-content/uploads/2015/07/01_STEEP_D3.1_Low_carbon_tech_study_DEF_sent.pdf,http://www.zag.si/en/research-and-development/international-projects,http://en.env.phys.uoa.gr/fileadmin/env.phys.uoa.gr/uploads/Research_Team_Template_english_Santamoyris.pdf,http://www.ectp.org/documentation/Conference2011/5%20EeB%20session_2011-10-04/1%20EeB%20Project%20Review%20presentation%20E2B_WARSAW.pdf,http://www.c2es.org/docUploads/EEBSummaryReportFINAL.pdf,http://www.icae2015.com/fotos/varios/Capacidades_Envolventes_arquitectonicas_Architectural_envelopes_capacities.pdf,http://tibucon.eu/docs/EeB_PPP_Workshop_Final%20Report.pdf
PARTICOAT,New multipurpose coating systems based on novel particle technology for extreme environments at high temperatures,http://www.particoat.eu/,http://www.particoat.eu/frames/content/workshop.html,https://portal.uc3m.es/portal/page/portal/grupos_investigacion/comportamiento_servicio_materiales/PUBLICACIONES%20RELACIONADAS%20CON%20EL%20PARTICOAT%20UC3M%20version.pdf,http://www.particoat.risk-technologies.com/,http://www.svum.cz/en/projekty,https://es.linkedin.com/in/eva-matesanz-blanco-56972492,"http://www.risk-technologies.com/home.aspx?pst=6,7&lan=230&tab=333&pag=1329",http://eprints.ucm.es/24099/1/T34962.pdf,http://kwi.dechema.de/kwi_media/DFI_Jahresbericht_2012-p-2450.pdf,,
AHEAD III,ASSESSMENT OF HEARING IN THE ELDERLY AGING AND DEGENERATION INTEGRATION THROUGH IMMEDIATE INTERVENTION,http://www.ahead.polimi.it/,http://www.ahead.polimi.it/dissemination.html,http://audiologyresearch.org/index.php/audio/article/view/audiores.2011.e14,http://www.ncbi.nlm.nih.gov/pmc/articles/PMC4627147/,https://www.phonakpro.com/content/dam/phonak/b2b/Events/conference_proceedings/chicago_2009/proceedings/32_P69344_Pho_Kapitel_19_S191_202.pdf,https://www.liu.se/medfak/ike/forskning/teknisk-audiologi/stenfelt-stefan?l=en,http://www.audiology-worldnews.com/focus-on/710-the-italian-sun-test-out-to-conquer-america,http://www.creator7.eu/wp-content/uploads/2012/05/Microsoft-Word-projets-vieillissement-v2-_2nd-workshop_.pdf,http://www.hrb.ie/uploads/media/Successful_FP7_2007_2013.pdf,http://www.euc.ac.cy/easyconsole.cfm/id/183/dep/0/c_id/11,http://www.henrykskarzynski.pl/en/clinical-research-and-development-activities/research-projects.html
METACANCER,Identification and validation of new breast cancer biomarkers based on integrated metabolomics,http://www.metacancer-fp7.eu/index.php?id=349,http://www.tp21.com/index.php?id=316,http://www.responsify-fp7.eu/index.php?id=1041,http://www.tp21.com/index.php?id=176,http://ercim-news.ercim.eu/en82/special/introduction-to-the-special-theme,http://www.metacancer-fp7.eu/index.php?id=363,https://genomemedicine.biomedcentral.com/articles/10.1186/gm336,http://www.metacancer-fp7.eu/index.php?id=369,http://rp7.ffg.at/upload/medialibrary/FP7-US-Guide.pdf,http://rpk.wroclaw.pl/projekty-7-pr.html,http://www.ebi.ac.uk/training/online/trainers
GMSAFOOD,Biomarkers for post market monitoring of short and long term effects of genetically modified organisms GMOs on animal and human health,http://www.gmsafoodproject.eu/,http://ucbiotech.org/resources/reports/MagazineGMSAfood_webQ.pdf,http://www.cera-gmc.org/files/cera/docs/sabp_activities/era_conference_may2011/economidis_1.pdf,http://www.epsoweb.org/fp7-plant-research-projects-0,https://www.meduniwien.ac.at/homepage/content/wissenschaft-forschung/drittmittelfinanzierte-projekte/eu-projekte/weitere-eu-projekte-in-fp7/,http://www.ncbi.nlm.nih.gov/pmc/articles/PMC4055707/,http://commnet.eu/02_Network/History.kl,http://tilda.tcd.ie/organisation/associate-researchers/,http://rp7.ffg.at/upload/medialibrary/geehrte_KoordinatorInnen_gesamt12768.pdf,https://www.linkedin.com/in/anne-marie-bakke-571826,http://southwestfarmpress.com/management/long-term-study-finds-no-negative-effects-gm-food
INSTAPA,Novel staple food based strategies to improve micronutrient status for better health and development in sub Saharan Africa,http://www.instapa.org/instapa,https://www.wageningenur.nl/en/show/instapa-3.htm,http://eeas.europa.eu/delegations/african_union/documents/eu_african_union/research_innovation/country_fiche_kenya_en.pdf,http://www.esastap.org.za/download/present_salaunch_h2020_04_2014.pdf,http://www.epsoweb.org/fp7-plant-research-projects-0,http://www.mrc.gm/our-research/themes/nutrition/ing/,http://www.instapa.org/downloadattachment/2198/1687/Instapa_booklet_EN_webversion.pdf,http://euroindiaresearch.org/fp7_india_indiaFP7.htm,http://paepard.blogspot.com/2013/05/african-involvement-in-fp7-projects.html,http://www.instapa.org/downloadattachment/1012/2042/Newsletter_issue_4.pdf,http://www.iita.org/c/document_library/get_file?uuid=52fb41b0-644c-4c3a-b985-7bd787503cf9&groupId=25357
ROBUSTMILK,Innovative and Practical Breeding Tools for Improved Dairy Products from More Robust Dairy Cattle,http://www.robustmilk.eu/,http://www.robustmilk.eu/Publication/RobustMilk_Project_Update.pdf,https://www.wageningenur.nl/en/show/Breeding-robust-cows-that-produce-healthier-milk.htm,http://www.robustmilk.eu/Publication/2008-leaflet.pdf,http://www.asggn.org/netherlands.html,http://www.teagasc.ie/publications/2012/1530/Practical-breeding-tool_5791.pdf,https://orbi.ulg.ac.be/bitstream/2268/153531/1/Th%C3%A8se_CBastin_Final.pdf,http://www.teagasc.ie/publications/2014/3211/TeagascInEurope_Final.pdf,http://orbi.ulg.ac.be/handle/2268/152137,http://www.journalofdairyscience.org/article/S0022-0302(14)00025-3/references,https://nl.linkedin.com/in/lucia-kaal-8a40848
REDNEX,Innovative and practical management approaches to reduce nitrogen excretion by ruminants,http://www.rednex-fp7.eu/,http://www.rednex-fp7.eu/,https://www.wageningenur.nl/en/show/EU-FP7-Project-REDNEX-concludes-with-Symposium-in-Paris-on-30th-August-2013.htm,http://www.rednex-fp7.eu/pgs/Publications.html,https://www.wageningenur.nl/web/file?uuid=da89d519-13b3-4ea8-9f06-df5237a76a17&owner=fc004163-cbcb-426b-8069-f3e169e69c52,http://www.cirre.ac.uk/documents/rednex.pdf,http://www.beaa.ac.uk/Ecosystemconservationandresourcemanagement.php,http://www.mpsr.sk/download.php?presentationID=16,https://www.aber.ac.uk/en/ibers/research/research-groups/animal-systems/,http://commnet.eu/02_Network/History.kl,http://research.ncl.ac.uk/nefg/ntoolbox/pdf/EU-projects-final.pdf
EUPHOROS,EFFICIENT USE OF INPUT IN PROTECTED HORTICULTURE,http://www.wageningenur.nl/en/Research-Results/Projects-and-programmes/Euphoros-1.htm,http://www.wageningenur.nl/en/Research-Results/Projects-and-programmes/Euphoros-1.htm,http://www.3ragrocarbon.com/project-reference/euphoros,https://www.wageningenur.nl/upload_mm/9/3/7/db3f05bf-4213-4164-b93c-eb8244b3d398_WS%20Spain%20Efficient%20use%20of%20inputs.pdf,http://www.3ragrocarbon.com/project-reference/tdt-3r-multi-fuel,http://www.epsoweb.org/fp7-plant-research-projects-0,http://www.irta.cat/ca-es/Persones/Pagines/104.aspx,http://www.agree.aua.gr/files/publications/AGREE%20D3%202%20priorities_29Aug2013%20final%20version.pdf,http://www.biogreenhouse.org/downloads/doc_download/33-report-wg-4-energy-use-in-organic-horticulture,http://www.canna-uk.com/what_makes_good_quality_soilless_growing_medium,http://cache.media.education.gouv.fr/file/Bioeconomie/70/0/HORIZON2020-Defi2_285700.pdf
LIPIDIDIET,THERAPEUTIC AND PREVENTIVE IMPACT OF NUTRITIONAL LIPIDS ON NEURONAL AND COGNITIVE PERFORMANCE IN AGING ALZHEIMER S DISEASE AND VASCULAR DEMENTIA,http://www.lipididiet.progressima.eu/,http://www.lipididiet.eu/,http://www.hellobrain.eu/research/researcher?id=good-fat-can-it-build-a-healthier-brain-and-delay-dementia,http://www.lipididiet.eu/index.php?id=6644,http://eurice.eu/projects/life-sciences/lipididiet/,http://www.lipididiet.eu/fileadmin/lipididiet/downloads/International_Innovation.pdf,http://www.sciencedaily.com/releases/2016/02/160210142701.htm,http://www.ru.nl/people/donders/kiliaan-a/?locale=nl,http://eurice.eu/nc/projects/life-sciences/lipididiet/?cid=919&did=411&sechash=5cb5be02,http://medicalxpress.com/news/2016-02-lipid-based-diets-effectively-combat-alzheimer.html,http://munich2014.project-earlynutrition.eu/download/presentation/WS5-de%20Froidmont%20G%C3%B6rtz%20Isabelle-Horizon%202020%20Research%20opportunities%20in%20the%20food%20sector%20for%20a%20safe%20and%20healthy%20diet.pdf
FLABEL,Food Labelling to Advance Better Education for Life,http://www.flabel.org/en/,http://www.eufic.org/article/en/rid/FLABEL/,http://flabel.org/en/upload/EUFIC_FLABEL_ResultsFlyer.pdf,http://www.nature.com/ejcn/journal/v64/n3s/full/ejcn2010204a.html,http://www.flabel.org/,http://www.ncbi.nlm.nih.gov/pmc/articles/PMC2996514/,http://www.surrey.ac.uk/psychology/research/centres/fcbh/currentprojects/current/flabel.htm,http://www.ncbi.nlm.nih.gov/pmc/articles/PMC3410024/,http://www.clymbol.eu/partners.html,http://www.thefreedictionary.com/Flabel,http://www.choicesprogramme.org/science/european-scientific-committee
CARDIORISK,The mechanisms of cardiovascular risks after low radiation doses,http://www.cardiorisk.eu/,http://www.cardiorisk.eu/en/media/Projektflyer_Cardiorisk_final.pdf,https://www.euronuclear.org/events/etrap/presentations/Monday-09-11-09/9.30-10.30/ETRAP2009-A0068-presentation.pdf,http://www.cardiorisk.eu/,http://www.gabo-mi.com/en/references.php,http://www.osti.gov/scitech/servlets/purl/1124125,http://www.sciencedirect.com/science/article/pii/S0167814012000680,http://www.neurokopfzentrum.med.tum.de/pdf/daten_postergalerie/CTA-MS-Poster.pdf,https://www.julkari.fi/bitstream/handle/10024/124151/stuk-a249.pdf?sequence=1,http://www.eli-beams.eu/wp-content/uploads/2012/12/michael-molls.pdf,http://www.ncbi.nlm.nih.gov/pmc/articles/PMC3910096/
SEDENTEXCT,Safety and Efficacy of a New and Emerging Dental X ray Modality,http://www.sedentexct.eu/,http://www.sedentexct.eu/,http://www.dentistry.manchester.ac.uk/staff/KeithHorner/,http://www.sedentexct.eu/system/files/Final%20Report%20-%20public%20version.pdf,http://eadmfr.eu/sites/default/files/donwloads/Basic_Principles_for_Use_of_Dental_Cone_Beam_CT.pdf,http://www.sedentexct.eu/system/files/SEDENTEXCT%20D2.2%20v1%20FINAL_0.pdf,http://www.ncbi.nlm.nih.gov/pmc/articles/PMC3473956/,http://www.sedentexct.eu/system/files/D3.4%20v1.0.pdf,http://europepmc.org/articles/PMC3635780,http://www.ncbi.nlm.nih.gov/pmc/articles/PMC3608380/,http://www.birpublications.org/pb/assets/raw/IADMFR_Newsletter/IADMFRv33n2.pdf
VISION,Immersive interface technologies for life cycle human oriented activities in interactive aircraft related virtual products,http://www.project-vision.eu/about-the-project,https://www.ims.tuwien.ac.at/projects/vision,http://www.easn.net/research-projects/15/,https://graphics.cg.uni-saarland.de/projects/,http://www.excross.eu/pdf/EXCROSS_D3.1_List_of_potential_source_projects_v1.pdf,https://graphics.cg.uni-saarland.de/marsalek/,https://www.cdti.es/recursos/doc/Programas/Cooperacion_internacional/P.Marco_I%20D_de_la_UE/Transporte/10016_72722011165611.pdf,https://at.linkedin.com/in/hanneskaufmann,http://www.transport-research.info/programme/aeronautics-and-air-transport,http://www.intuition-eunetwork.org/documents/papers/Various/06-Amditis.pdf,https://en.wikipedia.org/wiki/Dassault_Syst%C3%A8mes
EUROBROADMAP,EUROPEAN UNION THE WORLD SEEN FROM ABROAD,http://www.eurobroadmap.eu/,http://www.eurobroadmap.eu/,https://europa.eu/sinapse/webservices/dsp_export_attachement.cfm?CMTY_ID=0C46BEEC-C689-9F80-54C7DD45358D29FB&OBJECT_ID=8F135BB3-CB93-3568-81A2ED68A6F6B5D6&DOC_ID=B5D8CA1B-DE9D-3297-634FC519A556BEBA&type=CMTY_CAL,http://www.eurobroadmap.eu/content/mental-maps-main-results,http://ceg.ulisboa.pt/investigacao/investigadores/eduarda-pires-valente-da-silva-marques-da-costa?lang=en,http://www.parisgeo.cnrs.fr/spip.php?article43&lang=en,https://halshs.archives-ouvertes.fr/halshs-00648761/document,https://belgeo.revues.org/15026?lang=de,http://euroindiaresearch.org/fp7_india_indiaFP7.htm,https://halshs.archives-ouvertes.fr/halshs-00654521/document,http://www.obzor2020.hr/userfiles/SSH_stocktaking-FP7.pdf
LIGHT-ROLLS,High throughput production platform for the manufacture of light emitting components,http://www.light-rolls.eu/,http://www.light-rolls.eu/index.php/news.html,http://www.eet.bme.hu/new/english/index_en.php?fin_projects,http://www.light-rolls.eu/,http://www.i-net.ch/wp-content/uploads/2015/05/2_M-Schlaefli_NSMSchlaefliAG_20150903.pdf,http://www.light-rolls.eu/index.php/project-overview.html,http://phys.org/news/2013-09-future.html,http://www.x10d-project.eu/public/links/specific-european-projects,http://www.myeos.org/research?page=2,http://www.nap.edu/read/18812/chapter/7,http://www.vtt.fi/files/services/ele/printed_intelligence_2012_2.pdf
DIRECT,DIsseminate Research funded by EC improving Treatment options for children suffering from cancer,http://www.overcomingcancerwithresearch.eu/index.html,http://www.orpha.net/orphacom/cahiers/docs/GB/Networks.pdf,http://science.ccri.at/public/news-events/detail/news/n/d/delicate-balance-for-childhood-cancer-political-a/,http://www.forschenheiltkrebs.eu/public/html_en/4_aktionen_und_events/aktuelles.html,http://www.kinderkrebsinfo.de/sites/kinderkrebsinfo/content/e1812/e76237/e78587/e78588/EU-Broschre_ger.pdf,http://eur-lex.europa.eu/legal-content/EN/TXT/?uri=CELEX%3A52014DC0584,http://www.sciencedirect.com/science/article/pii/S0959804915002841,http://med.stanford.edu/rmg/funding/fundinglist.html,http://www.sciencedirect.com/science/article/pii/S221353831400006X,http://onlinelibrary.wiley.com/doi/10.1002/cncr.28060/pdf,http://rp7.ffg.at/upload/medialibrary/geehrte_KoordinatorInnen_gesamt12768.pdf
ENAROMATIC,European Network for Advanced Research on Olfaction for Malaria Transmitting Insect Control,http://enaromatic.bio.demokritos.gr/,http://www.demokritos.gr/Contents.aspx?lang=en&CatId=605&View=18,http://www.inscent.com/docs/mosquitorepellent.pdf,http://www.rothamsted.ac.uk/people/jjzhou,http://www.orpha.net/orphacom/cahiers/docs/GB/Networks.pdf,http://www.eie.gr/nhrf/institutes/iopc/cvs/cv-zografos-gr.pdf,http://bio.demokritos.gr/index.php?option=com_content&view=article&id=34&Itemid=44&lang=en,http://enaromatic.bio.demokritos.gr/,http://www.researchranking.org/index.php?action=partner&p=deh,http://phys.org/news/2014-04-combatting-malaria-natural-mosquito-repellents.html,http://bio.demokritos.gr/annual_reports/APOLOGISMOS-ENG-2011.pdf
APTAR,GLOBAL SOLUTION FOR SLAUGHTERHOUSES TANNERIES AND PHYTOSANITARY SECTORS TREATMENT OF CATEGORY 3 ANIMAL WASTES AND PRODUCTION HIGH VALUE PRODUCT WITH BIO PESTICIDE PROPERTIES,http://www.zurkoresearch.com/aptar/,http://www.wastereuse.eu/wp-content/uploads/2011/09/Inventory_Act2_uploaded.xls,,,,,,,,,
TALOS,Transportable Autonomous patrol for Land bOrder Surveillance,http://www.talos-border.eu/,http://talos-border.eu/,http://www.vredesactie.be/sites/default/files/TALOS.pdf,https://euobserver.com/justice/116223,http://link.springer.com/content/pdf/10.1007%2F978-3-319-05353-0_45.pdf,https://www.stm.com.tr/en/projeler_direktorlugu.html,http://www.ttinorte.es/en/?page_id=340,http://www.piap.pl/en/Scientific-activities/International-Research-Project/Projects-completed/TALOS,https://www.fastpass-project.eu/partners_itti,http://corporateeurope.org/sites/default/files/publications/research_report_-_final.pdf,http://skemman.is/stream/get/1946/21134/48770/1/ritgerdir_titilsida.pdf
MICROFLEX,Micro fabrication production technology for MEMS on new emerging smart textiles flexibles,http://microflex.ecs.soton.ac.uk/,http://www.ecs.soton.ac.uk/people/spb/research,http://www.textile-platform.eu/links/,http://microflex.ecs.soton.ac.uk/,https://www.hb.se/Global/THS/BalticFashion_rapport_Smarttextiles.pdf,http://microflex.ecs.soton.ac.uk/externaldocs/MICROFLEX_klopman_apr09.ppt,http://www.insensor.com/?id=cooperation,http://users.ecs.soton.ac.uk/mjt/,https://pl.linkedin.com/in/jakubkruszelnicki,https://fr.linkedin.com/pub/pascal-pierron/58/844/34a,http://www.printedelectronicsworld.com/articles/3284/smart-fabrics-closer-to-consumers
DISMEVAL,Developing and validating disease management evaluation methods for European health care systems,http://www.dismeval.eu/,http://www.rand.org/pubs/technical_reports/TR1226.html,http://www.dismeval.eu/,http://www.rand.org/content/dam/rand/pubs/technical_reports/2012/RAND_TR1226.pdf,http://www.dismeval.eu/news/,http://www.ncbi.nlm.nih.gov/pmc/articles/PMC3626873/,http://www.dismeval.eu/publications/,http://www.euro.who.int/__data/assets/pdf_file/0009/270729/Assessing-chronic-disease-management-in-European-health-systems.pdf,http://www.dismeval.eu/project/,http://www.maastrichtuniversity.nl/web/file?uuid=fd47caeb-8fad-46ee-a4ee-fdbb04ac5013&owner=25a82cdb-d165-490a-a5db-8df8199ff19d,http://bmchealthservres.biomedcentral.com/articles/10.1186/1472-6963-13-117
RESILIENCE2050.EU,New design principles fostering safety agility and resilience for ATM,http://resilience2050.innaxis.org/,http://www.transport-research.info/project/new-design-principles-fostering-safety-agility-and-resilience-atm,http://resilience2050.innaxis.org/,http://bookshop.europa.eu/en/aeronautics-and-air-transport-research-pbKI0113037/downloads/KI-01-13-037-EN-C/KI0113037ENC_002.pdf?FileName=KI0113037ENC_002.pdf&SKU=KI0113037ENC_PDF&CatalogueNumber=KI-01-13-037-EN-C,http://resilience2050.innaxis.org/dissemination/,http://www.academia.edu/3686490/Analysis_of_resilience_in_manmade_and_natural_systems,http://resilience2050.innaxis.org/meetings/,http://www.meta-cdm.org/workshops/workshop1/META-CDM-EC-RD-Out.pdf,http://eeca-ict.eu/images/uploads/Cluster_events/Networking_12Nov14_Baku/Catalogue_RI_profiles_EECA_networking_12Nov14_Baku_v2.pdf,http://www.researchranking.org/index.php?action=partner&p=dCS,https://at.linkedin.com/in/scristobal
ALIGHT,AlGaInN materials on semi polar templates for yellow emission in solid state lighting applications,http://www.alight-project.eu/,http://www.mpie.de/2956831/SemipolarSurfaces,http://www.alight-project.eu/consortiumun/university-of-ulm/,https://www.linkedin.com/in/grzegorz-kozlowski-b3519852,http://www.alight-project.eu/consortiumun/tyndall-national-institute/,https://www.uni-ulm.de/fileadmin/website_uni_ulm/iui.inst.140/Jahresbericht/2013/UUlm-Opto-AR2013_MC.pdf,http://www.alight-project.eu/consortiumun/max-planck-institut-fur-eisenforschung-gmbh/,https://spie.org/PWO/conferencedetails/light-emitting-diodes,http://www.mrs.org/s11-abstract-d/,http://www.uknc.org/wp-content/uploads/2015/02/Abstract-Collection-for-UKNC-Winter-Conference-Cambridge-Jan.-2016-rev1.pdf,http://www.compoundsemiconductor.net/pdf/magazines/2009/cs-2009-volume-15-issue-8.pdf
SUSFOFLEX,SMART and SUSTAINABLE FOOD PACKAGING UTILIZING FLEXIBLE PRINTED INTELLIGENCE and MATERIALS TECHNOLOGIES,http://www.susfoflex.com/,http://www.susfoflex.com/index.php?start=7,https://www.b2match.eu/manufuture2015/participants/196,http://www.vttresearch.com/media/news/vtt-sensor-detects-spoilage-of-food,http://www.aidic.it/cet/14/37/127.pdf,http://www.rfidjournal.com/articles/view?13194,http://www.foodengineeringmag.com/articles/93995-packaging-technology-sensor-communicates-food-spoilage-wirelessly,http://www.oulu.fi/eeng/miklab/projects,https://www.enterprise-ireland.com/en/start-a-business-in-ireland/food-investment-from-outside-ireland/why-ireland/food-research-and-innovation/horizon-2020-programme.html,http://www.ilsi.org/Europe/Documents/145.pdf,http://www.foodproductiondaily.com/Innovations/VTT-wireless-sensor-detects-ethanol-in-food-packaging
HIT-GATE,Heterogeneous Interoperable Transportable GATEway for First Responders,http://www.hit-gate.eu/,https://www.iit.demokritos.gr/project/hit-gate,http://www.ppdr-tc.eu/en/useful-links,http://www.hit-gate.eu/?page_id=17,http://www.sec-geryon.eu/News.html,http://www.hit-gate.eu/?page_id=1168,http://sdiwc.net/conferences/cscesm2015/wp-content/uploads/2014/02/Jyri_Rajamaki_CV_2015-21-01.doc,http://www.asd-europe.org/fileadmin/user_upload/Client_documents/ASD_Contents/2_COMMUNICATION/2.5_Publications/2.5.5_Speeches_and_Presentations/SMI2G/SESSION1_DRS5__-_Olga_Segou_Topic__NCSRD_.ppt,http://www.iserd.org.il/GetFile.asp?CategoryID=197&ArticleID=437&ID=285,https://www.linkedin.com/in/krzysztof-samp-886583,http://www.eucnc.eu/files/2015/presentations/workshop3/PPDR-TC_CASONI.pdf
EUROFIT,Social innovation to improve physical activity and sedentary behaviour through elite European football clubs European Fans in Training,http://eurofitfp7.eu/,http://eurofitfp7.eu/,http://www.emgo.nl/research/lifestyle-overweight-and-diabetes/research-projects/1439/social-innovation-to-improve-physical-activity-and-sedentary-behaviour-through-elite-european-football-clubs-european-fans-in-training-eurofit/background/,http://eurofitfp7.eu/wp-content/uploads/2015/11/Flash-report-Nov-2015-FINAL.pdf,http://www.gla.ac.uk/colleges/socialsciences/research/projects/currentresearch/,http://eurofitfp7.eu/wp-content/uploads/2014/10/eurofit_spag_flash_final.pdf,http://www.gla.ac.uk/colleges/socialsciences/research/projects/largescaleresearch/,http://www.slhamsterdam.com/projects-1/,https://ie.linkedin.com/in/victoriamacarthur,http://obesity.fmh.ulisboa.pt/index.php/pedro-j-teixeira,http://nl.eurofitfp7.eu/eurofit-programma/
BREAST CT,Dedicated CT of the Female Breast Feasibility optimization and comparison to standard x ray procedures digital mammography and tomosynthesis,http://www.imp.uni-erlangen.de/BreastCT/,http://www.ncbi.nlm.nih.gov/pmc/articles/PMC2673595/,http://europepmc.org/articles/PMC1850283,http://www.ncbi.nlm.nih.gov/pmc/articles/PMC3656956/,https://spie.org/Documents/ConferencesExhibitions/MI10-Abstracts.pdf,http://nemertes.lis.upatras.gr/jspui/bitstream/10889/8621/1/PhD_thesis_Malliori.pdf,http://www.ucdmc.ucdavis.edu/publish/providerpdf/radiology/?p=index,http://spie.org/Publications/Proceedings/Volume/7961,http://dl.acm.org/citation.cfm?id=1427662,https://www.rsna.org/uploadedFiles/RSNA/Content/News/PDF/2015/RSNA-News-October-November-2015.pdf,http://www.cars-int.org/history/2015/program/posters/poster_presentation_schedule/print/track/track.html
ECOADAPT,Ecosystem based strategies and innovations in water governance networks for adaptation to climate change in Latin American Landscapes,https://sites.google.com/site/ecoadaptproject/,https://www.weadapt.org/knowledge-base/ecoadapt,http://www.sei-international.org/projects?prid=1861,http://projectcobra.org/about/fp7-projects/,http://www.combioserve.org/en/project/related-fp7-projects.html,http://www.landscapes.org/glf-2014/agenda-item/day-2-dec-7/six-parallel-multi-stakeholder-discussion-forums-debates/10237-2/,http://www.slideshare.net/napcentral/nap-expo-2015-session-iii-ii-ecosystembased-adaptationin-the-eu,http://catie.ac.cr/en/what-do-we-work-on/climate-change/clada/project-team,https://www.uvm.edu/giee/pdfs/RaffaeleVignolaCV.pdf,http://www.iufro.org/science/special/spdc/,https://www.epa.ie/pubs/reports/research/horizon2020/Final_Small%20Scale%20Study%20Mapping%20Water%20Research%20Excellence%20Part%202.pdf
SYSTEMS MICROSCOPY,Systems microscopy a key enabling methodology for next generation systems biology,http://www.systemsmicroscopy.eu/,http://www.systemsmicroscopy.eu/network-excellence,http://www.weizmann.ac.il/conferences/SLC2014/content/partners,http://systemsmicroscopy.eu/,https://www.icfo.eu/research/networks.php,http://systemsmicroscopy.eu/?page=1,http://ki.se/en/research/eu-projects-coordinated-at-ki,http://www.horizonhealth.eu/project/key-enabling-methodology-next-generation-systems-biology/137,https://www.cellmigration.org/aboutus/about.shtml,http://www.ellenberg.embl.de/index.php/research/large,https://www.fimm.fi/en/research/ongoing-collaborative-projects/eu-research-projects
NANOINSULATE,Development of Nanotechnology based High performance Opaque Transparent Insulation Systems for Energy efficient Buildings,http://filestore.nanoinsulate.eu/,http://www.cstc.be/?dtype=services&doc=Bourdeau.pdf&lang=en,http://www.ectp.org/cws/params/ectp/download_files/36D3335v2_EeB_Project_Review_4.pdf,http://www.foambuild.eu/wp-content/uploads/2014/04/Area-1-Nanotechnologies-for-insulation.pptx,http://www.inive.org/medias/pdf/Presentations%20symposium%20superinsulating%20materials%2026%20April%202012.pdf,https://www.infozara.es/eutargetservicesrep/webeutarget/usecases/case2/EUTarget2020projectsReportEn.pdf,http://tibucon.eu/docs/EeB_PPP_Workshop_Final%20Report.pdf,http://www.spin-project.eu/downloads/19AirglassLeif_Gullberg.pdf,http://www.smartsteep.eu/wp-content/uploads/2015/07/01_STEEP_D3.1_Low_carbon_tech_study_DEF_sent.pdf,http://www.e-hub.org/pdf/E2BA_Project_Review_2012_08.pdf,http://ecoshopping-project.eu/document/D3%201%20Specification%20of%20selected%20types%20of%20insulation%20solutions.pdf
