,title,projectUrl,acronym
16,NETWORKED ELECTRONIC STORAGE AND COMMUNICATION OF TELEMATICS APPLICATIONS PROGRAMME RESULTS,http:// www.ejeisa.com/nectar/,NECTAR
17,REQUIREMENTS ENGINEERING AND SPECIFICATION IN TELEMATICS,http://info.lut.ac.uk/research/husat/respect/,RESPECT
18,TELEMATICS SUPPORTED WORKFLOW ANALYSIS AND BUSINESS PROCESS ENHANCEMENT,http://www.unisg.ch/~item/PROJECTS/PM/teleflow.html,TELEFLOW
21,COMPUTER AIDED POST IN EUROPE IN THE YEAR 2000,http://www-vs.informatik.uni-ulm.de/index.html,CAPE 2000
22,"Integrated Environmental Monitoring, Forecasting and Warning systems in Metropolitan Areas",http://www.mdx.ac.uk/emma,EMMA
23,Integrated Telematics System for Administrations Environmental Management,http://dpa.sag.es/~itsaem/,ITSAEM
25,Environmental Forecasting for the Effective Control of Traffic,http://www.tol.hol.gr/business/effect,EFFECT
26,DOMESTIC INTERACTIVE TELEMATIC EDUCATION AND LEARNING,http://www.cet.hut.fi/domitel,DOMITEL
27,DISTANCE EDUCATION AND TUTORING IN HETEROGENEOUS TELEMATICS ENVIRONMENTS,http://www.inesca.pt/,DEMOS
28,CORPORATE ORGANISATIONS INTERACTIVE NETWORK SYSTEMS,http://www.coins-project.com,COINS
29,Observations and Modelling of Eddy Scale Geostrophic and Ageostrophic Circulation,http://campanilla.uib.es/Omega/,OMEGA
30,Biofouling Reduction on Optical Systems,http://www.eng.gla.ac.uk:80/marine/bros.htm,BROS
31,European Subpolar Ocean Programme Phase 2: The Thermohaline Circulation in the Greenland Sea,http://www.geol.uib.no/esop2/esop2.html,ESOP-2
32,Probabilistic design tools for vertical breakwaters,http://www-public.tu-bs.de:8080/~i5102401/proverbs.html,PROVERBS
33,Instrumentation for marine CO2 from remote platforms,http://www.uea.ac.uk/~e559/imcorp.htm,IMCORP
56,Broadband Urban Rural Based Open Networks,http://www.nwconnect.ie/Screenphones/bourbon/,BOURBON
72,Collaborative Integrated Communications For Construction,http://www.hhdc.bicc.com/cicc/,CICC
73,Storage for Multimedia Application Systems in the Home,http://www-it.et.tudelft.nl/pda/smash,SMASH
76,Reconstruction using Scanned Laser and Video,http://www.hhdc.bicc.com/resolv/default.htm,RESOLV
83,Towards broadband access systems for catv optical networks,http://wwwtios.cs.utwente.nl/ctit/projects/tobasco,TOBASCO
137,Parallel industrial numerical applications and portable libraries,http://www.nag.co.uk/projects/PINEAPL,PINEAPL
170,European parliaments research initiative,http://www.epri.org,EPRIWATCH
182,Forecast and assessment of socio-economic impact of advanced communications and recommendations,http://www.analysys.co.uk/acts/fair/,FP4-FAIR
195,Learn from video extensive real atm gigabit experiment,http://www.dit.upm.es/~leverage,LEVERAGE
196,National host interconnection experiments,http://www.deteberkom.de/NICE/,NICE
198,Multimedia Information Window for National Hosts,http://www.infowin.org,INFOWIN
199,SME and Regional Telecom Support,http://www.smarts.org,SMARTS
203,TELE-SHOPPING SERVICES USING VIRTUAL REALITY AND INTERACTIVE MULTIMEDIA,http://www.cocom.dk/teleshoppe.htm,TELESHOPPE
205,Architectures Software and Hardware for MPEG-4 Systems,http://www.fzi.de/esm/projects/emphasis/welcome.html,EMPHASIS
234,Drosophila European Stock Centres,http://www.umu.se/genetik/Eurodro.htm or http://fly.ebi.ac.uk:7081/stocks/stock-centers/lk/umea/umea-doc.html,
275,Impact of a climatic gradient on the Physiological Ecology of a Pelagic crustacean,http://www.obs-vlfr.fr/PEP/.index.html,PEP
276,Upgrading Flow Cytometry for Buoy-mounted operation: first experimental implementation,http://www.pi.net/~dubelaar/cytobuoy.html,CYTOBUOY
278,Interactions of physical and biological factors in the surf and swash zone of European rocky shores,http://eurorock.dbag.unifi.it/,EUROROCK
279,Geophysical and oceanographic station for abyssal research,http://www.ingrm.it/GEOSTAR,GEOSTAR
280,European North Atlantic Margin : Quantification and Modelling of Large-Scale Sedimentary Processes and Fluxes,http://www.marine.ie/datacentre/projects/enam,ENAM II
299,Embedded filter unit for automotive signal conditioning,http://www.integramm.org,FILU
307,Instruments for sustainable regional development,http://www.eures.de/insured/insured.htm,INSURED
308,Biogases transfers in estuaries.,http://www.ulg.ac.be/oceanbio/biogest/,BIOGEST
309,The eco-metabolism of estuarine intertidal flat,http://www.nioo.knaw.nl/cemo/ecoflat/Ecoflat.htm,ECOFLAT
316,"Bioactive Marine Natural Products in the Field of Antitumoral, Antiviral and Immunomodulant Activity",http://www.sante.univ-nantes.fr/pharma/SMAB/MAST/,
318,Broadband acoustic scattering signatures of fish and zooplankton,http://www.eee.bham.ac.uk/acs_gr/bass.htm,BASS
323,The morphological development of intertidal mudflats,http://www.science.plym.ac.uk/KDYER/default.htm,INTRMUD
324,Development of an airborne geiod mapping system for coastal oceanography,http://agmas co.gfz-potsdam.de,AGMASCO
325,High resolution temporal and spatial study of the benthic biology and geochemistry of a north-eastern Atlantic abyssal locality,http://www.marine.ie/datacentre/projects/BENGAL/,BENGAL
326,Prediction of Aggregated-scale Coastal Evolution,http://www.sms.utwente.nl/ondz/pace/pace.htm,PACE
328,Biodiversity and genetics of algal populations,http://oracle.bangor.ac.uk/biogap/,BIOGAP
329,Autonomous Lander Instrument Packages for Oceanographic Research,http://www.abdn.ac.uk/~nhi648/alipor.htm,ALIPOR
330,Microbial ecosystem dynamics,http://imp.imp.uib.no/medea/,MEDEA
331,Pre-operational modelling in the seas of Europe,http://www.pol.ac.uk/promise/index.html,PROMISE
333,Sonar Technology for Monitoring and Assessment of Benthic Communities,http://biosonar.vki.dk/,BIOSONAR
334,Microorganisms in deep sea vents and marine hot springs as sources of potentially valuable chemicals,http://www.sb-roscoff.fr/Bact/MAST/,
335,Local Ice Cover Deformation and Mesoscale Ice Dynamics,http://www.enrich.hi.is:80/icestate/,ICESTATE
337,Performance of Soft Beach Systems and Nourishment Measures for European Coasts,http://www.safe.isysgroupe.fr/Safe.nsf,SAFE
338,Trans-Atlantic Study of Calanus Finmarchicus,http://calanus.nfh.uit.no/TASC.HTML,TASC
340,Fluxes across narrow shelves. The Ebro delta case,http://www.upc.es/lim/eng/pro/fans/,FANS
341,Coastal sediment transport assessment using synthetic aperture radar,http://www.argoss.nl/cstar/cstar.html,C-STAR
342,Integrating environmental and population variation: a model for biodiversity studies,http://www.leeds.ac.uk/biology/research/europe/ambios.html,AMBIOS
343,Miniaturized and reconfigurable instrumentation for multipurpose survey with a mini autonomous vehicle: Development and validation at sea,http://www.mumm.ac.be/docs_en/projects/mauve/,MAUVE
344,The remote detection of sediment instability on the European continental margin and slope,http://www.soc.soton.ac.uk/CHD/poseidon/psdn_layout.html,POSEIDON
345,Mesoscale Ocean Remote Sensing Experiments for imaging and modelling of internal wave fields by radar sensing,http://www.compulink.co.uk/~ocs/morse,MORSE
346,Climatic Variability of Mediterranean Paleo-circulation,http://mist.met.ed.ac.uk/~paulm/clivamp.html,CLIVAMP
348,Integrated System for Analysis and Characterization of the Sea floor,http://www.ntnu.no/ISACS/,ISACS
349,Mediterranean desertification and land use. Project 4 ephemeral channels and rivers,http://www.medalus.leeds.ac.uk/,MEDALUS III
364,Civil aircraft for remote sensing and in-situ measurements in troposphere and lower stratosphere based on the instrumentation container concept,http://mpch-mainz.mpg.de,CARIBIC
427,Validating hydrological moderocess studies and internal data from research basins: tools for assessing hydrological impacts of environmental change.,http://www.ija.csic.es/rn/hidro/inicial.html,VAHMPIRE
450,Dynamics and stability of reed-dominated ecosystems in relation to major environmental factors that are subject to global and regional anthropogenically induced changes.,http://botanik.aau.dk/eureed/,EUREED II
565,Novel technique for in-process monitoring of surfactant production by small-angle X-ray scattering,http://www.elettra.trieste.it/projects/euprog/saxs/,
697,Computerised Bibliographic Record Actions Plus Preservation and Service Developments for Electronic Publications,http://www.bl.uk/information/cobra.html,COBRA+
698,European Copyright User Platform,http://www.kaapeli.fi/eblida/ecup,ECUP+
700,"Global, reactive, efficient and environment friendly, transportation logistics",http://www.cs.strath.ac.uk/~ps/GreenTrip/,GREENTRIP
705,Concurrent engineering design advisor system,http://yeats.ucc.ie/cedas/cedas.html,CEDAS
706,Maritime industries virtual enterprise linkage,http://www.biba.uni-bremen.de/projects/marvelous,MARVEL OUS
714,Integrated information and process management in manufacturing engineering,http://www.ait.org.uk/,OPAL
715,Real time decision making in manufacturing,http://www.intrasoft.gr/rider.htm,RIDER
716,Datamining file server,http://www.trans.net/dafs,DAFS
724,Remote maintenance for facility exploitation,http://www.gsip.cran.u-nancy.fr/remafex,REMAFEX
726,High performance telecontrol station with image and sound capabilities,http://cupido.uninova.pt/%7Einnova/,INNOVA
727,System for high-speed for automatic reading of cheques,http://www.mbr-train.org,SHAROC
728,High-performance computing for clinical applications of 3d ultrasound,http://www.igd.fhg.de/www/igd-a7/Projects/Invivo/English/3dultra.html,3DULTRA
729,High performance system for textile evaluation,http://www.joinedt.eu,HIPERTEX
730,Embedded interactive video server,http://set.gmd.de/RS/EIVIS,EIVIS
731,Parallel computing for Spain 2,http://www.ac.upc.es/cepba/,PACOS 2
733,A framework for integrated symbolic/numeric computation,http://www.warthe.eu,FRISCO
734,Iota-intelligent object tracking and analysis using smart sensor technology,http://www.ivp.se/products/index.htm,IOTA
735,Colour and texture inspection equipment,http://tks.oulu.fi/Catie/,CATIE
736,Parallel scalable computers for high performance,http://www.play-with-water.ch,PACHA
737,European processing core technology,http://www.cetia.com/news/EUROPRO/europroj.html,EUROPRO
738,Laser quality iii-v nitrides,http://crhea.unice.fr/laquani/index.htm,LAQUANI
741,A parallel optimisation scheme applied to extrusion die design,http://www.polyflow.be,ESOP
742,Integrated simulation and design system for civil and structural engineering,http://public.web.cern.ch/public/,INSIDE
744,Tools for high productivity engineering design,http://www.bertin.fr,TOOLSHED
747,Fluid structure interaction- high performance simulation for structural design,http://tina.sti.jrc.it/FSI/,FSI-SD
754,High performance computing for process industries awareness and promotion exercise,http://www.dci.clrc.ac.uk/activity/apex,APEX
759,High speed manipulation by random access vision,http://www.cs.may.ie/research/computer_vision/ramap/,RAMAP
760,A planning and control system for a semiconductor virtual enterprise,http://www.nimblesite.com/xcittic,X-CITTIC
762,Toward a concurrent engineering environment in the building and engineering structures industry,http://www.vtt.fi/cic/projects/tocee/,TOCEE
764,Multimedia assisted distributed tele-engineering services,http://mates.cdt.luth.se,MATES
772,Open HPF programming environment,http://www.vcpc.univie.ac.at/activities/projects/PHAROS.html,PHAROS
776,Information technology for the textile industry,http://www.euratex.org,ITEX
779,Resource allocation based on line measurement,http://www.cl.cam.ac.uk/Research/SRG/measure.html,MEASURE
780,Optimizing HPF for advanced applications,http://www.par.univie.ac.at/hpf%2b,HPF+
784,2 real applications for requirements engineering,http://www.info.fundp.ac.be/~phe/2rare.html,2RARE
796,ADVANCED PASSENGER INFORMATION IN EUROPEAN CITIES,http://www.ul.ie/~idc/about/Projects.html),INFOPOLIS
799,GUIDELINES IN HEALTHCARE,http://www.rbh.nthames.nhs.uk/rbh/itdept/r&d/projects/prestige.htm,PRESTIGE
806,HPCN Europe on line newsmagazine,http://www.hoise.com,HOISE NM
817,Optimum design of multibody systems,http://www.ceit.es,ODESIM
818,Open interface for coupling of industrial simulation codes on parallel systems,http://fctesqa.jrc.ec.europa.eu/,CISPAR
819,High performance simulation of internal combustion engines,http://www.uni-stuttgart.de/RUSuser/vis/hps-ice.html,HPS-ICE
823,Oil and gas exploration and production user reference group for emerging new technologies,http://www.pds.nl/urgent,URGENT
841,Use of integrated graphical and textual formal specification languages in industry,http://www.ifad.dk/Projects/usegat.htm,USEGAT
843,Generic upgradable architectures for real-time dependable systems,http://www.cs.york.ac.uk/~ljerka/guards.html,GUARDS
844,Architectural reasoning for embedded software,http://www.infosys.tuwien.ac.at/Projects/ARES,ARES
846,Temporal object oriented databases within information systems,http://www.di.uoa.gr/~toobis,TOOBIS
850,Emerging software technologies for trading and fund management risk rewards solutions,http://www.aber.ac.uk/interpol,ESTIMATION
851,Use of the expert system platform REAKT for transport robot guidance,http://www.roberta-home.eu/,RETRARO
855,Application of real time specification,http://www.cert.fr/francais/deri/seguin/ARTS/page.html,ARTS
856,Workflow on intelligent distributed database environment,http://www.sema.es/projects/WIDE,WIDE
861,Enhancement of electronic system design by EMC adviser system,http://www.ucl.ac.uk/mariecuriesocanth,FP5-EESD
866,Trial applications of case based reasoning for customer support,http://www.uclouvain.be/en-43617.html,APPLICUS
869,Design for validation,http://www.newcastle.research.ec.org/deva/index.html,DEVA
870,A cluster of trial applications using the RSAL tool to build reusable code repositories in order to support efficient software development,http://www.lii.unitn.it/TARSAL,TARSAL
871,Speech recognition algorithms for connectionist hybrids,http://tcts.fpms.ac.be/sprach/sprach.html,SPRACH
872,Cases acquisition and reply in fire campaigns ambience,http://mnemosyne.itc.it:1024:avesani/html/carica.html,CARICA
874,Raster data management in databases,http://www.forwiss.tu-muenchen.de/~rasdaman/,RASDAMAN
876,Image processing for automatic cartographic tools,http://www.esat.kuleuven.ac.be/mi2/projects.html,IMPACT
877,Nanolithography using chemically amplified resists,http://www.ebl.rl.ac.uk/esprit/nancar.html,NANCAR
878,Algorithms and complexity in information technology,http://www.dis.uniroma1.it/alcom-it,ALCOM IT
879,Non-linear model-based analysis and description of images for multimedia applications,http://www.ti1.tu-harburg.de/~noblesse,NOBLESSE
880,Process industries diagnostic experiments,http://www.solar.uni-kassel.de/solnet,PRIDE
884,An integrated programming environment for parallel sparse matrix solvers,http://www.pallas.de/pages/partners.htm#Projects,PARASOL
887,An authoring environment for adaptive multimedia documents,http://www.cwi.nl/Chameleon,CHAMELEON
888,Veniva - venetian virtual archives,http://web.tin.it/marsilio/veniva/,VENIVA
893,Inter-university dissemination project of Omi,http://www.ieec.uned.es/,IUN 2
898,Interactive networked kiosks,http://www.archetypon.gr/ink,INK
900,Methodology and tools for multimedia documentation and electronic catalogues,http://www.metodoc.com/,METODOC
901,Motorcycles rider simulator,http://www.hh.se/dep/cca/research/moris/,MORIS
905,A hypermedia platform combining an organisational framework and a methodology for the exploitation and promotion of tourism in Europe of 2000,http://www.albanet.co.uk/hyper.html,HYPERTOUR
906,Advanced multimedia authoring system with AV optimised removable storage,http://www.ndmack.demon.co.uk/amas.htm,AMAS
907,Computer aided theatrical score,http://www.pisa.intecs.it/projects/CATS/,CATS
908,Distributed multimedia-archives for co-operative TV-production,http://www.foyer.de/euromedia/index.html,EUROMEDIA
910,Marble industry advertising over the world,http://www.pisa.intecs.it/projects/miaow/,MIAOW
912,Porting the EOS RTOs on the arm thumb architecture,http://www.plantscafe.net/,OMI/THEOS
914,Intellectual multimedia property rights model and terminology for universal reference,http://www.imprimatur.alcs.co.uk,IMPRIMATUR
916,Co-ordinating project for electronic authors right management systems,http://www.ifla.org/copearms,COPEARMS
918,Energy and communications user services (multimedia) field trials of developed home systems to European hs (EHS) protocols and specifications,http://www.fen.bris.ac.uk/elec/ETHOS/Ethos.htm,ETHOS
920,Application specific processor and instruction set,http://www.intranet.gr,ASPIS
924,Cited based multimedia IPR management on cost-effective smart device,http://www.arttic.com/projects/Copysmart/,COPYSMART
926,A market place for textile images and patterns,http://tissus.cpr.it/,TISSUS
928,Multimedia interactive leading life-giving initiative on net,http://www.omega.it/million,MILLION
942,VIRTUAL REALITY ENVIRONMENTS FOR PSYCHO-NEURO-PHYSIOLOGICAL ASSESSMENT AND REHABILITATION,http://www.ehto.be/ht_projects/vrepar/,VREPAR
945,Enhanced Telematics for the Elderly and Disabled,http://www.stakes.fi/include/,INCLUDE
946,CONSENSUS AND COORDINATION IN TA RESULTS EXPLOITATION PROJECT,http://www.etic.be/concordia/index.html,CONCORD 2
947,AWARENESS OF EUROPEAN SOLUTIONS AND BEST PRACTICES FOR TELEMATICS APPLICATIONS,http://nt3.fundesco.es/aesopian/,AESOPIAN
949,FUTURE LINES OF USER INTERFACE DECISION SUPPORT,http://www.dfki.de/fluids/,FLUIDS
950,METHODS AND GUIDELINES FOR THE ASSESSMENT OF TELEMATICS APPLICATIONS QUALITY,http://www.megataq.mcg.gla.ac.uk/ or http://arti.vub.ac.be/www/geomed/geomed.html,MEGATAQ
951,MODELS OF INDUSTRIAL RELATIONS IN TELEWORK INNOVATION,http://www.iess-ae.it/mirti/english/mirti.htm,MIRTI
953,EUROPEAN CHART HUB OPERATIONS,http://www.statkart.no/ecc/frecho.htm,ECHO
956,INTEGRATING WATERBORNE TRANSPORT IN THE LOGISTICS CHAIN,http://www.mot.chalmers.se/inst/tfk/ip_home.htm,INTERPORT
962,TELEMATIC STANDARDS AND COORDINATION OF ATT SYSTEMS IN RELATION TO ELDERLY AND DISABLED TRAVELLERS,http://hermes.civil.auth.gr/telscan/telsc.html,TELSCAN
963,INTEROPERABLE TOOLS FOR COOPERATION SUPPORT USING THE WORLD-WIDE WEB,http://orgwis.gmd.de/projects/COOPWWW/,COOPWWW
973,Measuring and modelling the dynamic response of remote mountain lake ecosystems to environmental change. A programme of mountain lake research,http://www.natur.cuni.cz/hydrobiology/molar/,MOLAR
978,Detecting and locating non-aqueaous phase contaminants in soils by three geophysical methods,http://www.forthnet.gr/imag-arts/english/geolFrame1.htm,
979,Vertical Ozone Transports in the Alps,http://www.boku.ac.at/imp/votalp/,VOTALP
1018,Procedural Operationalisation of Techniques for the functional anal ysis Of European Wetland ecosystems,http://www.vms.rhbnc.ac.uk:8080/~uhfa060/PROTOWET.HTM,PROTOWET
1027,Groundwater and river resources action programme on a European Scale,http://www.nerc-wallingford.ac.uk/ih/www/research/bgrapes.html,GRAPES
1080,The role of buffering capacities in stabilising coastal lagoon ecosystems.,http://www.cribx1.u-bordeaux.fr/ub1/UFR_terremer/epoc/Robust/default.html,ROBUST
1081,"Biogeochemistry of an acidic and metal-rich river-estuary system, consequences for atlantic shelf waters",http://carpanta.ugr.es/toros.html,TOROS
1087,"Diagnostic Ecotoxicology: cell-based methodology to develop markers for early, sublethal effects assessment",http://www.abdn.ac.uk/~nhi691/ecotox/title.htm,
1090,Environmental cycling of selected persistent organic pollutants (POPs) in the Baltic region.,http://www.nilu.no/projects/baltic/,POPCYCLING-BALTIC
1162,New X-Ray Imaging Sensors,http://www.regam.se,
1186,Help at distance the SMEs in the development of their environmental management,http://www.ictnet.es/ecomanagement/,ECOMANAGEMENT
1190,PUBLISHERS ON INFORMATION HIGHWAYS,http://www.diff.uni-tuebingen.de/pollen/,POLLEN
1192,Multimedia Teacher Training Network,http://weblife.bangor.ac.uk/rem/rem.html,REM
1194,X.500 PILOT DIRECTORY SERVICE FOR ADMINISTRATIONS IN EUROPE,http://www.materna.de/,EUROVIEW
1195,"GLOBAL RETRIEVAL, ACCESS AND INFORMATION SYSTEM FOR PROPERTY ITEMS",http://www.arttic.com/grasp,GRASP
1199,Ecological and environmental monitoring and simulation system for management decision support in urban areas,http://www.ess.co.at/ecosim,ECOSIM
1200,Environmental Management Architecture for Information Delivery,http://prato2.ing.unifi.it/email,E-MAIL
1201,Distributed Environmental Disaster Information and Control System,http://www.dedics.aueb.gr,DEDICS
1203,Application Research & Testing for Emergency Management Intelligent Systems,http://www.netmode.ntua.gr/artemis/,ARTEMIS
1206,Linking system designers and cad developers in Europe,http://set.gmd.de/SYSLINK,SYSLINK
1233,MULTIMEDIA ASSETS FOR INDUSTRIAL DESIGN,http://194.80.29.2/cite/index.html,MAID
1235,DEVELOPMENT OF A MULTIMEDIA INFORMATION TRANSACTION AND DISSEMINATION TOOL,http://twentyone.tpd.tno.nl,TWENTY-ONE
1236,Testing Systems using Telematics for Library Access for Blind and Visually Handicapped Readers,http://www.svb.nl/project/testlab/testlab.htm,TESTLAB
1238,MUSEUMS & GALLERIES NEW TECHNOLOGY STUDY,http://www.brameur.co.uk/vasari/magnets/,MAGNETS
1240,Transnational Environmental Management Support and Information System,http://www-temsis.dfki.uni-sb.de/,TEMSIS
1241,Sustainable Telematics for Environmental Management,http://www.cogsci.ed.ac.uk/~stem,STEM
1243,Regional Environmental Management Support System Based on Telematics,http://www.metor.gr/remssbot/,REMSSBOT
1244,Public environmental information services for European cities,http://www.envirocity.com,ENVIROCITY
1245,COURSEWARE AUTHORING FOR SCIENTIFIC TRAINING,http://coast.selisa.fr:9010/,COAST
1247,BLUEPRINT FOR INTERACTIVE CLASSROOMS,http://avc.ucd.ie/BIC/,BIC
1248,ALLIANCE OF REMOTE INSTRUCTIONAL AUTHORING & DEVELOPMENT NETWORKS FOR EUROPE,http://ariadne.unil.ch/,ARIADNE
1249,RESEARCH INSTITUTIONS FOR DEVELOPMENT OF USER FRIENDLY APPLICATIONS IN TELEMATICS,http://aquarius.euro.org/,AQUARIUS
1256,EUROPEAN HEALTH TELEMATICS OBSERVATORY,http://www.ehto.be/,EHTO
1260,MULTIMEDIA EUROPEAN RESEARCH CONFERENCING INTEGRATION,http://www-mice.cs.ucl.ac.uk/mice/merci/,MERCI
1261,MULTIMEDIA AND NETWORK IN CO-OPERATIVE RESEARCH AND LEARNING,http://www-geomatics.tu-graz.ac.at/manicoral/,MANICORAL
1262,INTERWORKING PUBLIC KEY CERTIFICATION INFRASTRUCTURE FOR EUROPE,http://www.darmstadt.gmd.de/ice-tel/,ICE-TEL
1263,DEVELOPMENT OF A EUROPEAN SERVICE FOR INFORMATION ON RESEARCH AND EDUCATION,http://www.surfnet.nl/surfnet/projects/desire/,DESIRE
1264,COLLABORATIVE BROWSING IN INFORMATION RESOURCES,http://www.tik.ee.ethz.ch/~cobrow/,COBROW
1265,ADDED VALUE INFORMATION SERVICES ON EUROPEAN RESEARCH RESULTS,http://adviser.tno.it/adviser/,ADVISER
1266,"TRANSFER OF KNOWLEDGE BETWEEN RESEARCH, EDUCATION, BUSINESS AND PUBLIC ADMINISTRATIONS THROUGH WORLD WIDE WEB EXTENDED FOR GROUP COMMUNICATION",http://web4groups.at:9000/home?,WEB 4 GROUPS
1267,REMOTE EXPERIMENT MONITORING AND CONTROL,http://www.laeff.esa.es/~tcpsi/,REMOT
1269,TELEMATICS EMPLOYMENT ENGINE,http://www.telejobs.org/,TEMPLE
1277,INTEGRATION SYSTEM ARCHITECTURE - TELEMATICS,http://www.univ-lille2.fr/isart/,ISAR-T
1279,TRAINING EDUCATORS THROUGH NETWORKS AND DISTRIBUTED SYSTEMS,http://www.lrf.gr/english/trends/trendshome.html,TRENDS
1280,TO OPTIMIZE THE INVIDUAL LEARNING PROCESS OF OCCUPATIONAL TRAVELLERS,http://edm-topilot.luc.ac.be/,TOPILOT
1281,TRANS-EUROPEAN TELE-EDUCATION NETWORK,http://www.fundesco.es/ten,TEN
1282,SERVICE FOR INTEGRATED VIRTUAL ENVIRONMENTS,http://www.to.utwente.nl/servive/public/home.htm,SERVIVE
1283,SAFETY CRITICAL INDUSTRIES WORKPLACE LEARNING TELEMATIC NETWORK,http://www.marintek.sintef.no/snet,SAFETY-NET
1291,SEMINARS FOR TRAINING SMES IN THE USE OF TELEMATICS,http://www.eurocom.gr/EurPrj/transmete/transmete/,TRANSMETE
1293,TELEMATICS FOR TEACHER TRAINING,http://telematics.ex.ac.uk/T3/,T3
1298,VALIDATION OF DEDICATED SHORT-RANGE COMMUNICATIONS,http://www.comnets.rwth-aachen.de/~vasco/,VASCO
1299,"VEHICLE ATT DEMONSTRATIONS, EVALUATION AND MONITORING ON A EUROPEAN CORRIDOR UNITING MEMBER STATES",http://www.umist.ac.uk/UMIST_CIVENG/VADE_MECUM/,VADE MECUM
1301,EUROVILLAGE ON THE EUROPEAN INFORMATION INFRASTRUCTURE,http://www.sycomore.fr/evenet/,EVENET
1302,EXTENDING QUALITY URBAN SERVICE FOR ADDED-VALUE LIVING USING INTERACTIVE TELEMATIC SYSTEMS,http://www.denhaag.nl/equality/,EQUALITY
1313,RAILWAY OPEN SYSTEM INTERCONNECTION NETWORK,http://www.cnc.it/rosin/,ROSIN
1343,EUROPEAN TRADE UNION EDUCATION NETWORK,http://www.etuenet.org/,ETUE-NET
1344,EUROPEAN TELEMATICS HORIZONTAL OBSERVATORY SERVICE,http://www.ethoseurope.org/,ETHOS
1346,TELESERVICES FOR SMALL AND MEDIUM-SIZED ORGANISATIONS : A NETWORK OF NETWORKS,http://www.agora.org,AGORA
1369,DIABCARE QUALITY NETWORK IN EUROPE,http://www.diabcare.de/,DIABCARE Q-NET
1371,IMPLEMENTING SECURE HEALTHCARE TELEMATICS APPLICATIONS IN EUROPE,http://ted.see.plym.ac.uk/ishtar/,ISHTAR
1372,MULTIMEDIA OPTIMISATION AND DEMONSTRATION FOR EDUCATION IN MICROELECTRONICS,http://nmrc.ucc.ie/modem,MODEM
1373,LEARNING AND INFORMATION SUPPORT NETWORKS IN EUROPE FOR SOCRATES,http://lines.uwic.ac.uk,LINES
1374,KNOWLEDGE ASSURANCE IN MULTIMEDIA PUBLISHING,http://kamp.linst.ac.uk,KAMP
1375,INTEGRATION OF DEDICATED FOR ADVANCED TRAINING LINKED TO SMALL AND MEDIUM ENTERPRISES AND INSTITUTES OF HIGHER EDUCATION,http://ideals.zgdv.de,IDEALS
1376,"ELECTRONIC LEARNING ENVIRONMENT FOR CONTINUAL TRAINING AND RESEARCH IN ALMA (AACHEN, LIEGE, MAASTRICHT AND DIEPENBEEK/HASSELT)",http://www.unimaas.nl/~electra,ELECTRA
1377,EUROPEAN EDUCATIONAL TELEPORTS,http://www.trainet.it/home/uk/eetp/,EETP
1379,MULTIMEDIA INTERACTION WITH REGIONAL AND TRANSNATIONAL ORGANISATIONS,http://www.roma.otm.it,MIRTO
1383,EUROPEAN BUSINESS REGISTER PHASE 2,http://www.ebr.org/,EBR II
1385,Environmental Monitoring Warning & Emergency System,http://www.impetus.gr/envisys.htm,ENVISYS
1389,HEALTHCARE ADVANCED NETWORKED SYSTEM ARCHITECTURE,http://www.effedue.com/hansa/,HANSA
1395,TRAINING NETWORK FOR THE EUROPEAN CAR INDUSTRY,http://tecar.condat.de,TECAR
1397,JOINT ATM EXPERIMENT ON EUROPEAN SERVICES,http://www.labs.bt.com/profsoc/james/,JAMES-RN
1398,TRANS-EUROPEAN NETWORK INTERCONNECT AT 34 MBPS,http://193.63.211.20/ten-34.html,TEN-34
1399,SUPPORT FOR TELEMATICS APPLICATIONS COOPERATION WITH THE COMMONWEALTH OF INDEPENDENT STATES,http://www.ednes.org/staccis/,STACCIS
1400,SUPPORT FOR THE USE OF PRESENTLY UNSERVED AIRSPACE,http://www.ceselsa.es/supra/,SUPRA
1403,Comparative analysis of food webs based on flow networks: Effects of nutrient supply on structure and function of coastal plankton communities,http://www.maricult.org/public/comweb/,COMWEB
1404,Physical Forcing and Biogeochemical Fluxes in Shallow Coastal Ecosystems,http://www.nioo.knaw.nl/cemo/phase/phase.htm,PHASE
1405,Ocean Margin EXchange II - Phase I,http://www.nbi.ac.uk/bodc/omex.html,OMEX II
1407,Nitrogen Cycling in Estuaries,http://www.dmu.dk/lakeandestuarineecology/NICE/,NICE
1408,Changes in Bacterial Diversity and Activity in Mediterranean Coastal Waters as Affected by Eutrophication,http://www.gbf-braunschweig.de/DSMZ/Chabada/Chabada.html,CHABADA
1412,VALIDATION OF THE BIOTECHNOLOGICAL PROCESS AND PRODUCTION OF A FIRST LOT OF SAMPLES FOR CLINICAL TRIALS,http://www.medac.de,KINASE
1417,INTERREGIONAL PLAN FOR THE VALORIZATION OF SLUDGES ORIGINATED BY WASTEWATER TREATMENT IN THE SAAR-LOR-LUX-REGION USING QUALIFIED COMPOST,http://siden@pt.lu,SOIL-CONCEPT
1419,DEMONSTRATION OF ECONOMIC AND RELIABLE MANUFACTURING PROCESSES FOR MULTICHIP MODULES USING INNOVATIVE COFIRING CERAMICS,http://www.siegert.de,DECCO
1420,Computational tools and industrial applications of complexity,http://solvayins.ulb.ac.be/,CTIAC
1421,Europort dissemination and demonstration,http://www.gmd.de/SCAI/europort/,EUROPORT-D
1423,Trans-European network interconnect at 34-155 mbps,http://www.dante.net/ten-34.html,TEN-34
1424,Virtual interactive studio television application using networked graphical supercomputers,http://www.edc.nl/vista/index.html,VISTA
1425,Virtual enterprise using groupware tools and distributed architecture,http://cic.cstb.fr/ILC/ecprojec/vega/home.htm,VEGA
1426,Enterprise wide standard access to step distributed databases,http://cic.cstb.fr/ILC/ECPROJEC/RISESTEP/home.HTM,RISESTEP
1427,Pilot implementation of process plant lifecycle,http://www.stepcom.ncl.ac.uk/pippin/,PIPPIN
1428,Paradigm independent shop control for smaller manufacturing sites,http://www.sln.ahlstrom.com/infopaso.htm,PASO
1430,Objects for critical business applications,http://www.softwareag.com,OCBA
1431,Systems engineering data representation and exchange standardisation,http://www.ncl.ac.uk/cbcb/,SEDRES
1433,Web information repository for the enterprise,http://www.opengroup.org/,WIRE
1434,Methods and tool support for the evolution and re engineering of legacy systems,http://www.comp.lancs.ac.uk/computing/research/cseg/projects/renaissance/RenaissanceWeb/,RENAISSANCE
1442,Automatic feature extraction for efficient retrieval in large multimedia database,http://www.txt.it/formula,FORMULA
1449,Web for schools,http://wfs.vub.ac.be/index.html,WFS
1453,Management business administration toolbox,http://www.kdubiq.org/,MBA TOOLBOX
1472,CONCERTATION CO-ORDINATION,http://concord.cscdc.be/index.php3,CONCORD 1
1479,SUPPORT AND CO-ORDINATION FOR INTEGRATED MULTIMEDIA TELEMATICS APPLICATIONS FOR RESEARCHERS,http://www.scimitar.terena.nl/scimitar/,SCIMITAR
1481,INTEGRATED MULTIMEDIA SERVICES VIA A REGIONAL TELEMATICS INFORMATION SYSTEM,http://www.regionet.org/,REGIONET
1483,Planning small medium enterprise networks,http://www.maths.nottingham.ac.uk/mmbnott/,PLENT
1485,European LSE wide integration support effort,http://www.lboro.ac.uk/elsewise/,ELSEWISE
1494,Quality engineering tools for assembly and small batches manufacturing,http://lms.mech.upatras.gr/Projects/queta/introduction.html,QUETA
1497,Sensor fused intelligent monitoring system for machining,http://www.fluaid.eu/,SIMON
1499,Physical design automation on mixed semi-custom arrays,http://www.cecam.org/,SOGROUTE
1504,Best practice in electronic design,http://www.marsci.uga.edu/FacultyPages/Joye/research/coastal.htm,ENPROCO
1508,"Design of an interface ASIC for RISC systems using a VHDL based ""independent"" environment",http://www.ruhr-uni-bochum.de/novobrain/,MLS
1525,Europractice,http://www.smithsys.co.uk/europractice/,EUROPRACTICE
1562,"Advanced Technology to Optimize Maritime Operational Safety, Integration & Interface",http://www.atomos.org/,ATOMOS II
1652,Mediterranean Targeted Project II-Mass Transfer and Ecosystem Response,http://www.cetiis.fr/mtp/mater/,MTP-II MATER
1716,New multimedia services using analysis synthesis 3d,http://tco8.thomson-csf.fr,NEMESIS
1718,Development of a step based environment for the manufacturer customer integration in furniture industry,http://www.uninova.pt/funstep,FUNSTEP
1725,Advanced configuration management system,http://www.ait.org.uk/,ADCOMS
1728,An environment for a virtual hypermedia factory,http://jupiter.cib.na.cnr.it:8080/,VHF
1729,Mediterranean multimedia-multimedia support centre for culture arts,http://www.mcube.org,MCUBE
1733,Software product advanced certification and evaluation - user focus,http://www.brameur.co.uk/qpi,SPACE - UFO
1736,Manufacturing team information system,http://www.fir.rwth-aachen.de/pm/projekte/mantis.html,MANTIS
1747,Development of VUV phosphors for large colour plasma display panels,http://ceder.jrc.ec.europa.eu,PHOSPAP
1748,User oriented production support in distributed shop floor environments,http://www.biosafety-europe.eu/,UPSIDE
1752,Logistices to support continuous improvement for SMES in the virtual enterprise,http://cimru.ucg.ie/projects/logsme/logsme.html,LOGSME
1753,Generic approach to manufacturable optoelectronic interconnects for VSLI circuits,http://www.intec.rug.ac.be/Research/,OIIC
1754,Smart pixel optoelectronic connections,http://www.phy.hw.ac.uk/resrev/SPOEC/,SPOEC
1755,Effective integration of fine grain parallelism exploitation and multiprogramming,http://www.ac.upc.es/hpc/nanos,NANOS
1756,Operating system support for distributed multimedia,http://www.cl.cam.ac.uk/Research/SRG/pegasus/,PEGASUS II
1759,Multimedia user services and techniques,http://www.simvia2.eu,MUST
1801,Implementation of a central repository to support effective configuration management,http://umr-bgpi.cirad.fr/equipes/equipe3.htm,IMPROVE-CM
1842,Component information representation European project,http://www.codus.co.uk/CIREP,CIREP
1843,3d multimedia support centre,http://www.3dscanners.com,3DMSC
1847,Seamlessly integrating multimedia in building automation,http://simba.tac.se/,SIMBA
1849,Methodology and set of tools for the improvement of machine tool automation,http://www.fatronik.com,AUTOMAT
1850,A multimedia pilot centre for electronic commerce based on the Echangeur,http://www.echangeur.fr,COMMERCE & INT
1855,Multimedia environment for distributed interactive applications of promotional and advertising shop systems,http://www.ecs.net/dmi,MEDIA PASS
1876,Co-operative requirements engineering with scenarios,http://sunsite.informatik.rwth-aachen.de/CREWS/,CREWS
1881,MULTI-MEDIA AGENT BASED INTERACTIVE CATALOGUES,http://arti.vub.ac.be/www/magica,MAGICA
1882,PRODUCT CATALOGUES IN THE GLOBAL ENGINEERING NETWORK,http://www.c-lab.de/gen/,PROCAT-GEN
1883,WORK AND TRAINING INFORMATION SYSTEM,http://www.vdab.be,WATIS
1884,MULTIMEDIA AS BUSINESS OPTION FOR LOCAL NEWSPAPERS,http://www.iao.fhg.de/Projects/MBLN/,MBLN
1885,FAST AND ACCURATE CATEGORISATION OF INFORMATION BY LANGUAGE ENGINEERING,http://www.quinary.it/facile/index.htm,FACILE
1886,REAL WORLD APPLICATIONS OF ROBUST DIALOGUE,http://www.kom.auc.dk/CPK/Speech/Reward/,REWARD
1887,OPEN TRANSLATION ENVIRONMENT FOR LOCALIZATION,http://www.otelo.lu/,OTELO
1888,SPEECH DATABASES FOR CREATION OF VOICE DRIVEN TELESERVICES,http://www.phonetik.uni-muenchen.de/SpeechDat.html,SPEECHDAT
1889,INTERLINGUISTIC TERMINOLOGY VALIDATION,http://www.mcs.surrey.ac.uk/interval/,INTERVAL
1890,Basic research on advanced distributed computing: from algorithms to systems WG,http://www.newcastle.research.ec.org/broadcast-wg/,BROADCAST-WG
1892,Interconnection of European research and university networks at 34-155 mbit/s,http://www.labs.bt.com/profsoc/james/,JAMES-RN
1905,High performance protocol architecture,http://www.inria.fr/rodeo/personnel/Christophe.Diot/me.html,HIPPARCH
1921,Dynamic of Matter Transfer and Biogeochemical Cycles: Their Modelling in Coastal Systems of the Mediterranean Sea,http://erato.fl.ariadne-t.gr/metromed/,METRO-MED
1924,Electronic Library Image Service for Europe - Phase II,http://severn.dmu.ac.uk/elise/,ELISE II
1925,"Large Scale Demonstrators for Global, Open Distributed Library Services",http://www.fdgroup.co.uk/research/universe,UNIVERSE
1927,Library Integrated System for Telematics-based Education,http://www.itpoint.org.uk/listed.html,LISTED
1928,European Language Resource Association,http://www.icp.grenet.fr/ELRA/home.html,ELRA
1929,AN OPEN WORKBENCH FOR MULTILINGUAL DOCUMENT CREATION AND MAINTENANCE,http://www.crpcu.lu/APOLLO/,APOLLO
1930,TESTBED LINGUANET,http://www.cbs.dk/departments/fir/linguanet/,LINGUANET
1941,"A MULTILINGUAL CONTINUOUS VIDEO DISCLOSING TOOL, BASED ON SUBTITLE INDEXING AND PARTIAL TRANSLATION",http://pop-eye.tros.com/,POP-EYE
1944,SERVICES AND ASSISTANCE FOR SMALL AND MEDIUM SIZED ENTERPRISES ON THE INFORMATION HIGHWAY,http://www.wk.or.at/sme-web/,SME-WEB
1989,Canary Islands Azores Gibraltar Observation,http://www.marine.ie/datacentre/projects/canigo/,CANIGO
2013,DIFFUSION OF TOOLS AIMED AT THE SIMULATION OF MOULDING MATERIAL FLOW IN SMES BELONGING TO THE MOULD MAKERS SECTOR IN THE EUROPEAN UNION,http://www.aster.it,SIM-MOULD
2014,"ORAL SPAWNING INDUCTION FISH. NON INVASIVE CONTROL OF REPRODUCTION IN FISH BY DIETARY DELIVERY OF THE BIOACTIVE PEPTIDE ""GNRH""",http://www.kuleuven.ac.be,
2015,SUBSTITUTION OF MINERAL OIL BASED CONCRETE MOULD RELEASE AGENTS BY NON-TOXIC VEGETABLE RELEASE AGENTS,http://www.chem.uva.nl/cw,SUMOVERA
2017,COMPUTERS TO SCREEN,http://www.keraben.com,
2018,A COST EFFECTIVE BIOMETRIC FOR SECURITY APPLICATIONS USING INFRA-RED VEIN IMAGING WITH CONVENTIONAL COMPUTING PLATFORMS,http://www.pronovus.org.uk,VEIN BIOMETRIC
2019,TRANSFER OF COMPUTERISED AGRO PREWARNING SYSTEMS TO THE SOUTH EUROPEAN ENVIRONMENT,http://www.adcon.com,TOCAP SOUTH
2020,SUPRA-NATIONAL INTRODUCTION OF COMPUTER-AIDED ENVIRONMENTAL MANAGEMENT AND INFORMATION SYSTEMS TO NEW INDUSTRIAL SECTORS AND USERS,http://www.bane.dk,CAEMIS
2022,IMPLEMENTATION OF A FLASH-EEPROM TECHNOLOGY FOR DEMAND DRIVEN EMBEDDED APPLICATIONS,http://www.thesys.de,IEDEA
2025,TOOLS FOR ANALYSIS OF SERIAL SECTIONS IN MICROSCOPY,http://dibe.unige.it/TASTY,TASTY
2026,TRANSFER OF AN INNOVATIVE SENSOR TECHNOLOGY TO A COMBINED SENSOR AND FILTERING SYSTEM IN ORDER TO PROTECT FARMERS FROM PESTICIDES,http://members.aol.com/etrrump/welcome.html,AGRASENS
2027,Integrated Library and Survey-data Extraction Service,http://www.gamma.rug.nl/ilses,ILSES
2028,The European Legislative Virtual Library,http://www.sub.su.se/sam/elvil.htm,ELVIL
2031,SCANDINAVIAN PROOFREADING TOOLS,http://www.scarrie.com,SCARRIE
2034,SHARING CULTURAL HERITAGE THROUGH MULTIMEDIA TELEMATICS,http://aqua.inria.fr/,AQUARELLE
2035,INFORMATION ENGINEERING SUPPORT SERVICES PROJECT,http://inf2.pira.co.uk/,IESERV
2037,BASELINE DATA FOR USER VALIDATION IN INFORMATION ENGINEERING,http://www.ucc.ie/hfrg/baseline/,BASELINE
2038,INFORMATION ENGINEERING USABILITY SUPPORT CENTRES,http://www.npl.co.uk/npl/cise/hci,INUSE
2040,NETWORKED SOCIAL SCIENCE TOOLS AND RESOURCES,http://dawww.essex.ac.uk/projects/nesstar,NESSTAR
2042,GEOGRAPHICAL MEDIATION SYSTEM,http://www.pisa.intecs.it/projects/GeoMed/,GEOMED
2043,EFFICIENT USAGE OF REMOTE AND ONLINE PUBLICATION OF MULTI-MEDIA MATERIAL,http://www.fernuni-hagen.de/EuropeMMM,EUROPE-MMM
2045,DEVELOPING CRITICAL SUPPORT TOOLS FOR MULTIMEDIA PUBLISHING,http://www.sisu.se/projects/mmbroker,MULTIMEDIA BROKER
2047,Linking Publishers and National Bibliographic Services,http://hosted.ukoln.ac.uk/biblink/,BIBLINK
2048,Integrated Library Information Education and Retrieval System,http://www.hillkomm.dk/bibliotek/adm/iliers/default.htm,ILIERS
2049,Libraries: Electronic Remote Access to Information over Networks,http://www.iicm.edu/liberation/,LIBERATION
2052,TRans European Employment,http://www.mari.co.uk/tree/,TREE
2053,MULTILINGUAL AUTHORING OF BUSINESS LETTERS,http://www.mari.co.uk/mable/,MABLE
2054,MULTILINGUAL APPLICATION INTERFACE FOR TELEMATIC SERVICES,http://wwwold.dkuug.dk/maits/,MAITS
2057,MULTILINGUAL PRODUCTION OF WEATHER FORECASTS,http://www.erli.fr/erli/Erli/Projects/Enmm.htm,MULTIMETEO
2058,REPAIRING ERRORS IN COMPUTER AIDED LANGUAGE LEARNING,http://www.infj.ulst.ac.uk:80/~recall/,RECALL
2059,AUTOMATED CALL CENTER THROUGH SPEECH UNDERSTANDING SYSTEM,http://www.wcl.ee.upatras.gr/access/access.htm,ACCESS
2060,CALLER VERIFICATION IN BANKING AND TELECOMMUNICATIONS,http://www.ptt-telecom.nl/cave/,CAVE
2061,SPEECH RECOGNITION FOR DATA-ENTRY APPLICATIONS,http://poseidon.itc.it:7117/~voce/SPEEDATA/HomePage.html,SPEEDATA
2062,EXTRACTION OF CONTENT: RESEARCH AT NEAR-MARKET,http://www.dcs.shef.ac.uk/research/ilash/Ecran/,ECRAN
2063,SHALLOW PARSING AND KNOWLEDGE EXTRACTION FOR LANGUAGE ENGINEERING,http://www.ilc.pi.cnr.it/sparkle.html,SPARKLE
2064,ADVANCED INFORMATION SYSTEM FOR MULTINATIONAL DRUG ENFORCEMENT,http://www.dcs.shef.ac.uk/research/groups/nlp/funded/aventinus.html,AVENTINUS
2065,DIGITAL HANDLING AND DISTRIBUTION OF PERSONALIZED PRESS CLIPPINGS,http://www.axime.com/edito/,EDITO
2067,Types,http://www.cs.chalmers.se/~smith/systems.html,TYPES
2068,AWARENESS AND DISSEMINATION ACTIONS ON QUALTY MANAGEMENT AND INFORMATION TECHNOLOGIES,http://www.biba.uni-bremen.de/projects/quid,QUID
2079,THE EUROPEAN LANGUAGE RESOURCES ASSOCIATION,http://www.icp.grenet.fr/ELRA/home.html,ELRA
2081,Variability of exchanges in the northern seas,http://www.ifm.uni-hamburg.de/~veins/,VEINS
2082,ADVANCED SPEECH TECHNOLOGIES FOR VOICE OPERATED DRIVER INFORMATION SYSTEMS,http://werner.ira.uka.de/VODIS/,VODIS
2083,BUILDING A MULTILINGUAL WORDNET DATABASE WITH SEMANTIC RELATIONS BETWEEN WORDS,http://www.let.uva.nl/~ewn/,EUROWORDNET
2084,LANGUAGE ENGINEERING - PREPARATORY ACTION FOR LINGUISTIC RESOURCES ORGANIZATION FOR LANGUAGE ENGINEERING,http://www.ilc.pi.cnr.it/parole/parole.html,LE-PAROLE
2085,EUROPEAN OPPORTUNITY MAPPING,http://www.anite-systems.lu/euromap/,EUROMAP
2088,Network of excellence in evolutionary computing,http://www.mrc-immune.bham.ac.uk/,EVONET
2091,"Moby Dick, the mobile digital companion",http://wwwspa.cs.utwente.nl/~havinga/mobydick.html,MOBY DICK
2092,Ercim digital library,http://www.iei.pi.cnr.it/DELOS/,DELOS
2093,Requirements engineering network of international co-operating research groups,http://www.cs.ucl.ac.uk/research/renoir/,RENOIR
2094,Supporting interactive multimedia on-line services,http://www.iei.pi.cnr.it/SIMOS/,SIMOS
2095,Pagespace,http://www.cs.tu-berlin.de/~pagespc,PAGESPACE
2096,High temperature electronics network 2,http://www.hiten.com,HITEN 2
2097,Heterostructure-defined electron waveguides for quantum-based switching applications,http://anders.ftf.lth.se/coop/Qswitch.html,Q-SWITCH
2098,The esprit network of excellence in distributed computing systems architectures,http://www.newcastle.research.ec.org/cabernet/index.html,CABERNET
2099,A novel approach to solid state wavelength laser generation using luminescent polymers,http://www2.tcd.ie/Physics/People/Werner.Blau/LUPO.html,LUPO
2100,Development and applications of novel opto-electromechanical systems micro-machined in silicon,http://guernsey.et.tudelft.nl:80/mosis/,MOSIS
2103,Dissemination of quality information technology to support the bid to manufacture process,http://www.produtec.de/r&d/disqit,DISQIT
2113,Process modelling techniques research working group,http://www.loria.fr/,PROMOTER-2
2116,Enterprise integration - international consensus,http://www.nist.gov/workshop/iceimt97/,EI-IC
2118,Physics and technology of mesoscopic systems,http://www.imec.be/6/phantoms/phantoms.html,PHANTOMS II
2119,Space variant visual sensor-with colour acquisition,http://www.lira.dist.unige.it/expsetup/svavisca.html,SVAVISCA
2123,Microelectronics and integration in manufacturing,http://www.mandiim.org,MANDIIM
2124,Multimedia action groups planning information for Europe,http://www.magnet.org/magpie.html,MAGPIE
2129,"European network of excellence in computational logic, Compulog net iii",http://www.compulog.org:8080/,CLN
2133,Evaluation frameworks for interactive and multimedia in applications,http://www.dcs.gla.ac.uk/mira,MIRA
2135,THE CONNECTED COMMUNITY,http://www.eaqc-wise.net,C2
2136,"Inhabited spaces for community, academy, polity and economy",http://www.nada.kth.se/inscape/,INSCAPE
2149,Production of hybrid macrolides by engineered glycosyltransferases,http://www.bio.cam.ac.uk/~pfl10/hyglide.html,
2172,Common access to immunogenetics data: the integrated immunogenetics database,http://imgt.cnusc.fr:8104,IMGT
2233,PRODUCTION LINE COATER,http://www.kth.se,
2235,MUCOSAL VACCINES FOR RESPIRATORY DISEASES BASED UPON NASAL ADMINISTRATION,http://www.westpharma.com,
2237,TRANSECTORIAL AND TRANSREGIONAL IMPLEMENTATION OF SURFACE ENGINEERING,http://www.bcm.servicom.es,SURFENG
2238,MECHANOMAKING ULTRAFINE-GRAINED MATERIALS,http://maidireweb.com/uni/unifi.html,MUM
2239,"INTEGRATED PLANNNING AND MANAGEMENT OF URBAN DRAINAGE, WASTEWATER TREATMENT AND RECEIVING WATER SYSTEMS",http://www.tvp-wastewater.com,
2240,"DESIGN AND MANUFACTURING OF HEELS FOR SHOES, BY COMPUTER",http://www.inescop.es,DITACOR
2242,CONSTRAINT LOGIC FOR OPERATIONAL CONTROL OF WATER SYSTEMS,http://www-iri.upc.es/projects/clocwise,CLOCWISE
2243,APPLICATION FOR THE URBAN POLLUTION MANAGEMENT PROCEDURE TO RIVER QUALITY PROTECTION IN EUROPEAN MEMBER STATES,http://www.aquafin.be,UPM RIVER QUALITY
2244,BLEACH PLANT EFFLUENT TREATMENT VIA A LOW COST EVAPORATOR,http://www.hadwaco.com,
2245,LOW-NOX GASBURNER,http://www.driezler.com,
2261,"Geo-Environmental Dynamics of Pantanal-Chaco, Multitemporal Study and Previsional Modelling,",http://www.dst.unisi.it/pantanal-chaco/project.htm,
2330,OPTIMAL CONTROL OF MICROWAVE COMBINATION OVENS FOR FOOD HEATING,http://www.agr.kuleuven.ac.be/aee/amc/research/process/microwav.htm,
2407,Optimisation advanced optical coatings technologies competitive manufacturing,http://www.nmrc.ucc.ie/groups/AMT/projects/opticom.pdf,OPTICOM
2472,Innovative integrated bio-economic models for the management of multi-species and multi-gear fisheries.,http://www.irepa.org/fair561,
2495,HARMONIZATION OF SAFETY CRITERIA FOR MINIMALLY PROCESSED FOODS,http://www.harmony.alma.be,HARMONY
2514,IMPROVING THE QUALITY OF EU WHEATS FOR USE IN THE FOOD INDUSTRY,http://www.lars.bbsrc.ac.uk/cellbiol/seeds/eurowheat.html,
2531,An open service model for global information brokerage and distribution,http://www.osm.net,OSM
2535,Consensus and Verification in ACTS Results Exploitation,http://www.etic.be/convair/doc.htm,CONVAIR
2539,Techno-economic Evaluation and Sectorial User Requirements Analysis,http://www.biba.uni-bremen.de/projects/teesura/,TEESURA
2542,Architecture for information brokerage service,http://www.berkom.de/ABS/,ABS
2545,Inter-trial testbed of mobile applications for satellite communications,http://www.uni-bremen.de/~atimm/tomas.html,TOMAS
2549,Generic application chains,http://atwww.hhi.de/usinacts,USINACTS
2566,A EUROPEAN TELEMATIC DEMONSTRATION CENTRE,http://gina.iihe.ac.be/Eurodemo/,EURODEMO
2568,"PAN EUROPEAN NETWORK OF ENVIRONMENTAL LEGISLATION OBSERVATORIES FOR PLANNING, EDUCATION AND RESEARCH",http://www.penelope.gr/ or http://www.penelope.uni-bremen.de/ or http://www-penelope.et.ic.ac.uk or http://www.penelope.uab.es/ or http://www-penelope.drec.unilim.fr/ or http://www.ipa.it/penelope/,PENELOPE
2569,STUDENTS ACROSS EUROPE LANGUAGE NETWORK,http://www.ncl.ac.uk/Schools/zdclou/eindex.html,SAELN
2570,ON-LINE SIMULATIONS IN THE WEB,http://oyt.oulu.fi/tsimulab,SIMULAB
2571,TELE TEACHING AND TRAINING FOR MANAGEMENT OF SMES,http://www.teleman.org,TELEMAN
2572,TELEMATICS ENHANCED LANGUAGE LEARNING & TUTORING SYSTEMS,http://www.uni-tuebingen.de/telos,TELOS
2573,TELEMATICS FOR EDUCATION AND TRAINING IN JAPAN,http://www.cobweb.nl/bridgewater,TETJAPAN
2574,TELEMATICS FOR EDUCATION AND TRAINING - INTERMEDIATE SUPPORT STRUCTURE,http://www.echo.lu/telematics/education/en,TETRISS
2575,SUPPORT ACTION TO FACILITATE THE USE OF VIDEOCONFERENCING IN EDUCATION,http://www.savie.com,XSAVIE
2577,DYNAMIC AWARENESS RAISING PROCESS REGARDING TELEMATICS IN THE FRAMEWORK OF NATURA,http://www.wau.nl/natura/,DART
2578,Concerted Action on Management Information for Libraries in Europe,http://www.dmu.ac.uk/~camile/,CAMILE
2579,Cooperative Archive of Serials and Articles,http://www.casa.issn.org:1999/,CASA
2580,Harmonised Access & Retrieval for Music-Oriented Networked Information,http://www.svb.nl/project/harmonica/harmonica.htm,HARMONICA
2581,IMPLEMENTATION MAINTENANCE AND PROMOTION OF THE EDILIBE/EDITEUR STANDARDS SETS,http://www.editeur.org/,IMPRESS
2582,Total Library Management Concept,http://tolimac.ulb.ac.be,TOLIMAC
2585,COMPREHENSIVE HOSPITAL & AMBULATORY CARE INFORMATION NETWORKING FOR EPISODE LINKAGE,http://www.hiscom.nl/chaine/index1.htm,CHAINE
2590,HEALTH CARE RESOURCE MANAGEMENT,http://wisecare.dn.uoa.gr/ or http://www.videomuseum.fr/magnt-e/magntc.htm,HC-REMA
2599,WORKFLOW INFORMATION SYSTEMS FOR EUROPEAN NURSING CARE,http://wisecare.dn.uoa.gr/,WISECARE
2622,"MULTILINGUAL INDEXING, NAVIGATION AND EDITING EXTENSIONS FOR THE WORLD WIDE WEB",http://mulinex.dfki.de/,MULINEX
2625,EXPERT ADVISORY GROUP ON LANGUAGE ENGINEERING STANDARDS,http://www.ilc.pi.cnr.it/EAGLES/home.html,EAGLES
2626,MULTILINGUAL DOCUMENT PROCESSING,http://www.iai.uni-sb.de/MULTIDOC/,MULTIDOC
2653,Word class performance for wire drawing through improved quality of the manufacturing process,http://wireman.goitaly.it,WIREMAN
2702,Applications professionelles sur ATM,http://cisi.it/public/apat/apat.htm,APAT
2706,High voltage network information exchange for planning and analysis,http://www.bertin.fr/~azarian/electronet.html,ELECTRONET
2708,Methods and tools for natural-language interfacing to standard software applications,http://www.anite-systems.lu/melissa,MELISSA
2709,Constructing a geometric algorithms library,http://www.cs.ruu.nl/CGAL/,CGAL
2714,"Migration, distribution and spatial dynamics of plaice and sole in the north sea",http://www.bio.uea.ac.uk/Fish/welcome.htm,
2823,VALIDATION OF A MULTIMEDIA TITLE SERIES PRODUCTION METHODOLOGY,http://www.cti.gr,VALMMETH
2824,ADAPTING MAGNETO-TELLURIC (MT) GEOPHYSICS SYSTEMS TO MEASURE HIGH FREQUENCY RANGES FOR ENVIRONMENTAL INVESTIGATION,http://www.metronix.de,ENVIRO-MT
2825,INTEGRATION OF LP SCHEDULING DECISION INTO AN EXISTING CAD PACKAGE FOR MINE - PLANNING AND ENVIRONMENTAL MODELLING,http://www.tu-berlin.de/~bg/projects/lp-sched.htm,
2826,BENCHMARK TOOL TO IMPROVE PRODUCTION PERFORMANCE,http://bettibench.com,BETTI
2827,STRATEGIC PROJECT MANAGEMENT FOR PRODUCT INNOVATION,http://www.chalice.co.uk,PROMISE
2828,HIGH RESOLUTION LASER DOPPLER PERFUSION IMAGING IN DERMATOLOGY,http://www.imt.liu.se,HIRE LADO
2830,TECHNOLOGY VALIDATION OF THE MECHANICAL RELIABILITY TOOLKIT,http://www.bertin.fr/~eyraud@/merit.html,MER-TV
2836,European fish ageing network,http://www.efan.no,EFAN
2859,Language and image data fusion using stochastic models and spatial context modelling,http://www.limsi.fr/Chameleon,CHAMELEON
2930,Intelligent 3D Design and Simulation System for the Clothing Industry,http://www.univ-valenciennes.fr/LGIL/mascot/,
2931,Reduction of Time-to-Market for Machine Tools with Computer Aided P rototyping through Solid Modeller,http://www.iwb.tum.de/projekte/matcap,MATCAP
2939,Hydrology of alpine and high latitude basins,http://bamboo.mluri.sari.ac.uk/hydalp/hydalp-home.html,HYDALP
2940,Application of space techniques to the integrated management of a river basin water resources,http://www.geosys.es/proyectos/astimwr/astitext.htm,ASTIMWR
2945,Intelligent information interfaces network,http://www.eace-project.org/index.jsp,I3NET
2959,Multimedia action groups network (extension),http://www.magnet.org/magnet.html,MAGNET
2964,Sea300,http://www.ebl.rl.ac.uk/sea.html,SEA300
2971,Bright-red surface emitting lasers,http://nmrc.ucc.ie/projects/bredsels/,BREDSELS
2972,Parallel petscan system,http://www.brunel.ac.uk/~masrppet,PARAPET
2973,Thematic indexing of spoken language,http://www.dcs.shef.ac.uk/research/groups/spandh/projects/thisl/,THISL
3003,Exploiting real time animation specification for traditional animation,http://www.edm.luc.ac.be/erasta,ERASTA
3005,Centres of multimedia promotion and support services for textile & clothing,http://www.textile.org/compass,COMPASS
3016,Multimedia European network of high quality image registration,http://www.club-internet.fr/mol,MENHIR
3082,Creating a solid configuration-and test-management infrastructure to improve the team development of critical software systems,http://www.bepress.com/cas/vol3/iss1/art5/,CONFITEST
3088,Voice variability in speaker verification,http://www.speech.kth.se/~inger/verivox.html,VERIVOX
3096,Working group on intelligent manufacturing systems,http://www.mech.kuleuven.ac.be/pma/project/imswg/welcome.html,IMS-WG
3098,Information technology European awards,http://arch.her.hcmr.gr/enviefh/,ITEA 96
3104,Power optimization and simulation: efficient strategies in deep sub micron CMOS,http://eis.informatik.uni-oldenburg.de/poseidon,POSEIDON
3105,Fuzzy algorithms for the control of multi-input multi-output processes,http://iridia.ulb.ac.be/FAMIMO,FAMIMO
3106,Nanofabrication of strongly gain coupled lasers for high speed communication and sensor applications,http://www.physik.uni-wuerzburg.de/TEP/nanolase/nanolase.htm,NANOLASE
3108,Multi-site computing,http://www.daucom.es,MSC
3109,Microsystems based visual prosthesis,http://www.dice.ucl.ac.be/biomed/mivip,MIVIP
3110,Perdis: a persistent distributed store for co-operative applications,http://www.perdis.esprit.ec.org/,PERDIS
3112,Network application and dissemination expertise,http://www.netapdex.infowin.org/,NETAPDEX
3114,Synchronous reactive formalisms,http://www.imag.fr/VERIMAG/SYNCHRONE/SYRF/syrf.html,SYRF
3116,Manufacturing control systems capable of managing production change and disturbances - an application of autonomous co-operating agents,http://www.mech.kuleuven.ac.be/pma/project/mascada/welcome.html,MASCADA
3121,Computer-based assistance to maintenance tasks,http://www.vega.de/projects/assist,ASSIST
3125,Low cost mpeg-2 video production system,http://www.ndmack.demon.co.uk/viper.htm,VIPER
3128,"Integrated system for multimedia indexing, equiparation and rights protection",http://www.sag.es/products/ppaa/imdex/imdex_en.htm,IMDEX
3132,The multispace project for quality in multimedia products,http://www.brameur.co.uk/qpi/multispace,MULTISPACE
3137,Mpeg-4 system implementation and tools for personal computers,http://www.q-team.de/mpeg4/mpeg4pc.htm,MPEG-4 PC
3138,Model-based system for analysing environmental economics of industrial decision making,http://www.visolutions.fi,ENVIROMEND
3179,European network in language and speech,http://www.elsnet.org/,ELSNET-2
3218,Quantum devices for advanced nano-electronic technology,http://quadrant.iet.unipi.it/,QUADRANT
3224,Application development for the distributed enterprise,http://www.fast.de/ADDE/,ADDE
3225,Quantum electronics using scanning tunnelling microscopy based lithography,http://www.isen.fr/isen-lci/quest,QUEST
3228,Debugging systems for constraint programming,http://discipl.inria.fr/,DISCIPL
3233,High performance banking,http://www.co.umist.ac.uk/Comp-ISG/ISE-Projects/Hyperbank.html,HYPERBANK
3234,Simulation environment for the evaluation of distributed traffic control systems,http://www.lti.alenia.it/ep/seeds.html,SEEDS
3237,Electromagnetic product optimisation using computers with high performance,http://www.comlab.ox.ac.uk/oucl/oxpara/epoch/home.htm,EPOCH
3239,Fabrication of elementary molecular electronic devices,http://inn7201.casaccia.enea.it/morales/lasmeds10.html,LASMEDS
3240,Application of advanced software technologies to the optimization of power generation plants,http://www.uitesa.es/topgen,TOPGEN
3248,Windows based parallel computing,http://www.genias.de/projects/winpar/index.html,WINPAR
3249,A distributed pharmaceutical applications server,http://www.uni-paderborn.de/pc2/projects/phase,PHASE
3254,Network of excellence on superconductivity,http://orchidea.maspec.bo.cnr.it/homepage.html,SCENET
3256,Design by simulation and rendering on parallel architectures ii,http://www.mentalimages.com,DESIRE II
3258,Multi-disciplinary engineering design via unitary software applications,http://www/telecall.co.uk/~srcbae/medusa,MEDUSA
3260,Efficient handling of large matrices on high parallel computer systems with the Permas code,http://www.intes.de/parmat.html,PARMAT
3261,Optimizing compilers for embedded applications,http://www.wi.leidenuniv.nl/Oceans/,OCEANS
3264,Conductive characteristics and mass fabrication of nanoscale integrated circuit nanowires,http://www.zurich.ibm.com/pub/Other/Pronano/,NANOWIRES
3274,Object oriented and automated design and management of tools and manufacturing components,http://www.ait.org.uk/,ODEM
3275,Corba validation,http://www.opengroup.org/public/corval/,CORVAL
3278,Scientific computing and algebraic abstractions,http://www.ii.uib.no/saga,SAGA
3282,Randomized algorithms,http://cs.uni-bonn.de/info5/projects/rand-rec-en.html,RAND2
3283,Innovative signal processing exploiting chaotic dynamics,http://vdp.ucd.ie/research/INSPECT.html,INSPECT
3284,Kaizen information system and management support,http://www.txt.it/txtii-eng/sia/kiss.html,KISS
3285,Co-operative evaluation and dissemination of user group requirement by a European technology transfer and education network,http://www.lar.ee.upatras.gr/comind/index.html,CO-MIND
3288,Strategic research network systems for multimedia mobile computing,http://www.ele.kth.se/~taw,MEDIA
3289,Computational understanding of multiple images,http://www.inrialpes.fr/cumuli,CUMULI
3290,Visual intelligent recognition for secure banking services,http://www.dist.unige.it/virsbs/home-a.htm,VIRSBS
3291,Production planning and management in an extended enterprise,http://www.uninova.pt/~prodnet,PRODNET-II
3293,European framework initiative,http://www.nimblesite.com/euroframe,EUROFRAME
3295,Advanced man-machine interfaces for robot system applications,http://www.cee.etnoteam.it/amira/,AMIRA
3296,Electronic data interchange for the European maritime industry,http://www.biba.uni-bremen.de/projects/edimar,EDIMAR
3303,Mechanism for enabling HPCN technology transfer in Europe 1,http://www.hpcn-ttn.org,METIER1
3304,Mechanism for enabling HPCN technology transfer in Europe 2,http://www.hpcn-ttn.org,METIER2
3306,Novel approaches to Finnish industrial computing,http://www.csc.fi/ttn,FINNOVA
3308,Best practice for information technology in the textile industry,http://www.eurabxl.com/,BIT
3312,Application of new technologies in the field of CAD/CAM and rapid prototyping within the toys sector,http://www.dip-alicante.es/cenj/aiju.htm,TOYS-CIM
3316,MMP system for simulated nmr data analysis,http://www.rebeca-net.de,FAST-SIM
3318,Effectiveness in the virtual enterprise through the information infrastructure,http://net.onion.it/event/,EVENT
3322,Silicon quantum integrated circuits,http://www.sp.phy.cam.ac.uk/~dp109/SIQUIC.html,SIQUIC
3323,Exploiting HPCN in an engineering consultancy environment,http://www.man.ac.uk/MVC/research/RCNET/rcnet/,RCNET
3324,Technology transfer node Thuringia,http://www.tzm.de,TTN-T
3328,Nodo di transferimiento tecnologico a sistemi di operatori del manifatturiero e dei servizi,http://www.notsomad.org,NOTSOMAD
3329,Swedish HPCN technology transfer node at PDC,http://www.pdc.kth.se/pdcttn,PDC TTN
3333,Technology transfer node of machine vision in Finland,http://www.vtt.fi/ttn,TTNMV-SF
3336,Exploitation of synergies and co-operative actions leading to accelerated take-up and effectiveness,http://www.pac.soton.ac.uk/escalate.html,ESCALATE
3337,Irish centre for proactive transfer of advanced computing,http://www.icetact.tcd.ie,ICETACT
3338,CD-ROM embedded auditing tool and educational material,http://www.ime.nl/create,CREATE
3339,Intelligent actuation and measurements-pilot,http://www.pea.enel.it,IAM-PILOT
3341,Opportunities for re-engineering business processes through advanced it,http://www.prima-europe-wkshp.com/,ORBIT
3344,The Coulomb Blockade Applied to the Realisation of Electronics,http://qt.tn.tudelft.nl/CHARGE/,CHARGE
3350,An inspection technology transfer node,http://www2.y-net.gr/inno/,INNO
3357,Integrated modular solution for handling of flexible materials in an industrial environment,http://wwwipr.ira.uka.de/~paro/HANDFLEX/,HANDFLEX
3396,Biology and management in the control of lice on fish farms,http://www.ecoserve.ie/projects/sealice/,
3400,Commercial fish and European estuaries - priorities for management and research,http://www.hull.ac.uk/iecs/,
3405,"The influence of competitive interactions on the abundance of early benthic stage European lobster (Homarus gammarus (l.)), and hence on the carrying capacity of lobster habitat",http://www.anzwers.org/trade/lear/index.htm,LEAR (1)
3452,Safer and ecologically sound roadside safety systems through novel design with advanced polymeric composite,http://www.clc.tno.nl/projects/recent/ecosafe,ECOSAFE
3480,Standard software infrastructure for SCI-based parallel systems,http://www.dolphinics.no,SISCI
3482,Redistribution and activation phenomena in integrated circuit and device manufacturing,http://www.leb.e-technik.uni-erlangen.de/forsch/techsim/rapid1.html,RAPID
3483,Verifying industrial reactive systems,http://radon.ics.ele.tue.nl/~vires/,VIRES
3484,Dynamic task migration execution environment,http://www.esi.fr,DYNAMITE
3485,Fortran integrated tool set,http://www.vcpc.univie.ac.at/activities/projects/FITS,FITS
3486,Image processing operations for forensic support,http://www.esat.kuleuven.ac.be/~konijn/improofs.html,IMPROOFS
3494,Multimedia educational innovation network,http://www.lrf.gr/menon,MENON
3500,Software automated testing in a real time environment,http://en.wikipedia.org/wiki/Askja,SWAT
3516,Feature integration in requirements engineering,http://www.cs.bham.ac.uk/~mcp/fireworks/,FIREWORKS
3517,Computer algebra tools for handling ordinary differential equations,http://www-lmc.imag.fr/cathode2,CATHODE 2
3518,Working group in neuroinformatics and computational neuroscience,http://neuropeline.forwiss.tu-muenchen.de/wg.html,NEURO
3519,High brightness and novel waveguide laser diodes for information technology,http://www.femipol.uni-frankfurt.de,TRUE-BLUE
3520,Design framework for interactive story systems,http://www.dsclab.ece.ntua.gr/~defacto/default.htm,DEFACTO
3522,Miniaturized robot for micro manipulation,http://wwwipr.ira.uka.de/~santa/microrob.html,MINIMAN
3535,Spoken language dialogue systems and components - best practice development and evaluation,http://www.dit.ou.dk,DISC
3537,Traineeship for electronic publishing,http://www.y-net.gr/archimed,TREP
3544,Collaborative automotive network,http://www.expertel.fr/CANET/,CANET
3548,European multimedia educational software network,http://www.ermesnet.org/,ERMES
3549,Multimedia support network for fashion and style,http://www.modatrend.com,MULTIFAST
3641,STATE OF THE EARTH,http://www.cat.dk/earth,SOE
3644,IN-LINE PROCESS FOR THE ELECTROPICKLING OF STEEL WIRE ROD BY INTEGRATED RECYCLING MACHINE,http://www.otomec.it,
3645,INTEGRATED OPTICAL SENSOR FOR TRAFFIC LIGHT CONTROLLER,http://www.imec.be/bo/cmos/watchbird.html,WATCHBIRD
3647,Foundations of data warehouse quality,http://www.dbnet.ece.ntua.gr/~dwq/,DWQ
3648,High-performance computing and networking for technological and environmental risk management,http://www.ess.co.at/HITERM/,HITERM
3649,High performance parallel computing for medium sized retailers,http://137.251.53.228/hpretail/,HP-RETAIL
3816,Magnetic switching in submicron dots,http://homer.phy.cam.ac.uk/TFM_Home.html,MASSDOTS
3913,Applications of graph transformation,http://www.informatik.uni-bremen.de/grp/ag-ti/appligraph/home.html,APPLIGRAPH
3920,It tools for the manufacturing supply chain integration in the virtual corporation,http://www.carsa.es/car/virtualq/virtualq.htm,VIRTUALQ
3922,"Centre for accessing HPCN best practice information, technology and application environments",http://www.eurofast.de/ttn/,CAPRICE
3923,CEPBA-TTN,http://www.cepba.upc.es/ttn,CEPBA-TTN
3924,Danish HPCN technology transfer node,http://www.danhit.dk,DANHIT
3926,Economic design and construction with light weight aggregate concrete,http://www.sintef.no/bygg/sement/elcon,
3987,Financial assistance for transport integration in metropolitan areas,http://www.its.leeds.ac.uk/projects/fatima,FATIMA
4086,Electronic landscapes,http://escape.lancs.ac.uk,ESCAPE
4256,Ocean Margin Exchange II - Phase II,http://www.nbi.ac.uk/bodc/omex.html,OMEX II-II
4272,The establishment of an agricultural multimedia network,http://www.agrimmedia.org/,AGRIMMEDIA
4276,Model based and qualitative reasoning systems network,http://monet.aber.ac.uk/,MONET
4280,Reconfigurable optical processing for training and execution of large scale neural networks,http://www.cs.may.ie/staff/jkeating/,ROPE
4289,Modelling evaluating and formalising interactive systems using tasks and interaction objects,http://giove.cnuce.cnr.it/mefisto.html,MEFISTO
4291,"Electronic arenas for culture, performance, arts and entertainment",http://www.nada.kth.se/erena/,ERENA
4301,Populating inhabited information spaces,http://www.3dscanners.com,POPULATE
4307,Personalised and social navigation,http://www.sics.se/humle/projects/persona/web/index.html,PERSONA
4316,Sistema basico para patronaje de calzado,http://www.inescop.es,SIPECO
4318,Trans-European information dissemination on maritime industry related ICT projects,http://www.balance-bremen.de/marexpo,MAREXPO
4319,Working group on quality and information technology,http://www.produtec.de/r&d/q+it2,Q+IT2
4338,Graphical event driven interface specification and compilation,http://www.elet.polimi.it/people/crespi/gedisac.html,GEDISAC
4389,Train Crashworthiness for Europe Railway Vehicle Design and Occupant Protection,http://europa.eu.int/comm/research/growth/gcc/projects/safe-train.html or http://www.safetrain-project.com,SAFETRAIN
4399,Surf and Swash Zone Mechanics,http://www.wldelft.nl/sasme/sasme.htm,SASME
4400,Operational modelling for coastal zone management,http://www.pi.shuttle.de/hydromod/projects/OPCOM/OPCOM.html,OPCOM
4401,Scour Around Coastal Structures,http://www.isva.dtu.dk/Scarcost/scarcost.html,SCARCOST
4429,Making seismic reflection profiles available to the wider scientific community,http://www.soc.soton.ac.uk/CHD/seisweb/SEISCAN.html,SEISCAN
4433,Dynamic re-allocation of meshes for parallel finite element applications,http://www.cs.kuleuven.ac.be/cwis/research/natw/DRAMA.html,DRAMA
4435,Parallel crew rostering,http://www.ilog.fr,PARROT
4443,Power line communication ASIC,http://sminchisescu.ins.uni-bonn.de,POLICOM
4454,SEWER TECHNOLOGY FOR EUROPE,http://www.wrcplc.co.uk/rschnet/imug.com,STEAM
4455,CONSOLIDATION OF THE USE OF WALLINGFORD PROCEDURE IN FOUR MEMBER STATES,http://www.hrwallingford.co.uk,WALLINGFORD
4535,Wider dimension for best practice in engineering and manufacturing,http://ourworld.compuserve.com/homepages/peter_burton,WIDEBEAM
4536,Proposal for an additional WP to the Trans2000 TBP pilot,http://www.circle-era.net/,TRANS2000-AUS
4545,Enhance process modelling system for lean operations management,http://www.epsylon.democenter.it,EPSYLON
4546,Network for development and evaluation of numerically reliable software in control engineering and its implementation in production technologies,http://www.win.tue.nl/niconet/,NICONET
4547,Training Industry in StresS Measurement,http://www.isis.rl.ac.uk/engineering/trainss,
4550,Global Ocean Storage of Anthopogenic Carbon,http://www.ipsl.jussieu.fr/OCMIP,GOSAC
4615,Urban and periurban small and medium-sized enterprise development for sustainable vegetable production and marketing systems,http://www.puvep.com,
4635,High Resolution In-Situ Holographic Recording and Analysis of Marine Organisms and Particles,http://www.brunel.ac.uk/~phstprh/holopub/sld001.htm,HOLOMAR
4636,Automated identification and characterization of marine microbial populations,http://www.flowcytometry.org/,AIMS
4637,Prediction of Cohesive Sediment Transport and Bed Morphodynamics in Estuaries and Coastal Zones with Integrated Numerical Simulation Models,http://sun-hydr-01.bwk.kuleuven.ac.be/COSINUS/cosinus.html,COSINUS
4638,Ocean Colour for the Determination of Water Column Biological Processes,http://abyss.iopan.gda.pl/biocolor/,BIOCOLOR
4639,Coastal Study of Three-dimensional Sand Transport Processes and Morphodynamics,http://www.hrwallingford.co.uk/projects/COAST3D/index.html,COAST3D
4641,Characterization and observation of the seafloor with a new multi-beam front-scan sonar system,http://www.ccr.jussieu.fr/cosmos/,COSMOS
4667,Scale dependence of groundwater flow and contaminant transport in fractured rock,http://www.nrsc.no/SCALFRAC/index.html,
4683,Tantalum pentoxide photodeposition on silicon,http://nmrc.ucc.ie/projects/tops,TOPS
4689,Interactive music tuition,http://www.ilsp.gr/mustutor/MusTutor.htm,MUSTUTOR
4691,The characterization of flotation froth structure and colour by machine vision,http://www.hut.fi/HUT/Control/research_projects.html,CHACO
4692,Automated generalisation new technology,http://agent.ign.fr,AGENT
4693,Automatic radiosity simulation for complex and dynamic environments,http://www-imagis.imag.fr/ARCADE/ARCADE.html,ARCADE
4694,Inverse methods for wave propagation applications in time domain,http://www.arttic.com/projects/IMPACT/,IMPACT
4702,Step with intelligence for software engineering,http://www.stepwise.org/,STEPWISE
4719,Methodology and software tools oriented to KBE applications,http://www.kbe.coventry.ac.uk/moka,MOKA
4728,Standards for safety related complex electronic systems,http://www.safetynet.de,STSARCES
4737,AIT integration platform second phase,http://www.ait.renault.com/,AIT-IP2
4747,Supply chain management in construction industry,http://www.exnorm.com/r&d/summit/,SUMMIT
4749,Campiello - interacting in collaborative environments to promote and sustain the meeting between inhabitants and tourists,http://www.dsi.unimi.it/~campiello,CAMPIELLO
4753,Advanced distributed control system for on-site and on-line support for human operators in industrial plants,http://www.orsiweb.com/ESPRIT/ASSISTANT/index.htm,ASSISTANT
4755,System of integrated tools for the creation of multimedia contents delivered off-line and on-line,http://www.dbai.tuwien.ac.at/sitmoon/,SIT-MOON
4756,Enabling data sharing and business interactivity across the wood sector value by developing a custom set of internet based it tools,http://www.planet.gr/wit,WIT
4757,Management of knowledge using integrated tools for SMEs,http://www.pr-steyr.ac.at/~makeit,MAKE-IT SME
4761,European step centres network,http://www.uninova.pt/~escn,ESCN
4762,Improvement support for total quality management,http://www.btinternet.com/~web.key/impro/IMPRO.html,IMPRO
4763,Concurrent engineering network of excellence,http://esoce.pl.ecp.fr/ce-net,CE-NET
4785,Realistic simulation of light for general environments,http://www-imagis.imag.fr/SIMULGEN/SIMULGEN.html,SIMULGEN
4822,Critical instrumentation and control system,http://borneo.gmd.de/EES/crisys,CRISYS
4828,Example based language translation systems,http://hermes.zeres.de/Eutrans/,EUTRANS
4970,Memory hierarchy analysis and optimization tools for the end user,http://mhaoteu.prism.uvsq.fr/,MHAOTEU
4971,Control and co-ordination of complex distributed services,http://www.newcastle.research.ec.org/c3ds,C3DS
4972,Storage and retrieval by content of imaged documents,http://www.aetnet.it/stretch/index.htm,STRETCH
4974,High performance simulation for interactive design,http://www.beasy.com,HIPSID
4977,Joint industrial interface for end-users simulations,http://www.6s.org,JULIUS
4984,Environmental planning and control system for industrial logistic networks,http://www.lis.iao.fhg.de/epsilon/epsilon.htm,EPSILON
4986,Reverse logistics chain optimisation in a multi-user trading environment,http://www.rdm.iao.fhg.de/projekte/reloop/OVERVIEW-de.html,RELOOP
5009,Integration of business functions in manufacturing - a best practice approach,http://lms.mech.upatras.gr/Projects/BEP-IFM/index.htm,BEP-IFM
5010,Information technology for food production,http://www.it4food.is/,IT FOR FOOD
5016,Electron waveguides for quantum-based switching applications,http://www.ftf.lth.se/coop/Qswitch.html,Q-SWITCH
5023,Integrated supervisory control for production plant,http://www.icc.strath.ac.uk/research/incon.htm,IN CONTROL
5026,Rapid and dynamic knowledge access in distributed enterprise environment using mediator agents,http://www.isw.uni-stuttgart.de/runner,RUNNER
5035,VALIDATION OF SELECTIVE LASER SINTERING (SLS) FOR THE MANUFACTURE OF PROTOTYPE MOULDS IN THE TOY INDUSTRY,http://www.aiju.es,TOY SLS
5036,APPLICATION OF SOLID THERMOPLASTIC FILM ADHESIVES FOR THE BONDING FOOTWARE AND LEATHER GOODS,http://www.inescop.es/OBRADOR-ADH747,APLICALAMIADHE
5038,LONG DISTANCE TRANSPORT TECHNOLOGY FOR LIVE CRUSTACEANS,http://www.seafoodireland.com,TLC
5039,ADAPTATION AND VALIDATION OF A PLANT MODELING SOFTWARE (AMAP) TO STIMULATE LANDSCAPE CHANGES WITH 3D REALISTIC IMAGES FOR PLANNING,http://www.iaurif.org,IMAGO METROPOLIS
5048,DEVELOPMENT OF A LATEX-BASED TEST FOR A DIAGNOSIS OF TUBERCULOSIS THROUGH DETECTION OF MYCOBACTERIA IN THE URINE,http://www.biomerieux.fr,TMST
5049,COMPUTER AIDED ENVIRONMENTAL MANAGMENT INFORMATION SYSTEMS - NEW ENVIRONMENTAL TOOLS AND STANDARDS,http://www.ucc.ie,CAEMIS-NETS
5050,PROMOTING EUROPEAN INNOVATION CULTURE,http://rrz.uni-hamburg.de/kooperationsstelle-hh,PROINNO
5054,PATTERNING BY UV LASER MATERIAL REMOVAL,http://www.lzh.de,PURE
5055,ACOUSTIC RESONANT FREQUENCY TECHNIQUE IN ON-LINE INTEGRITY TESTING OF STRUCTURES,http://www.kuleuven.ac.be,ARTIST
5057,A NEW PROCESS FOR THE EXTRACTION OF HYDROCOLLOIDS,http://www.ericlebas.com,EXTRACTINOV
5058,Selection criteria for information technology systems,http://www.select-it.org.uk,SELECT-IT
5059,SUBSTITUTION PROJECTS FOR HEALTH AND ENVIRONMENT : LESSONS FROM RESULTS AND EXPERIENCES,http://www.bagroep.nl/sphere,SPHERE
5065,TRANSFER OF AN INNOVATIVE ELECTROCHROMIC WINDOW AND DISPLAY TECHNOLOGY TO THE EUROPEAN NTBF AND SME SECTORS,http://www.ucd.ie,NANOCHROME
5066,Fast drying inks for ceramic tiles decoration,http://www.keraben.comh,DRYCER
5072,FACILITATE FUND RAISING OF SMES PARTICIPATING IN COMMUNITY RTD ACTIVITIES,http://www.ipstrategies.be,VENTURE FINANCE
5073,REFRIGERATION EQUIPMENT MATERIALS DATA BANK,http://www.mpa.uni-stuttgart.de,REFMA DB
5074,DEVELOPMENT OF MUTILAYER STRUCTURAL THIN METAL SHEETS WITH CONVENTIONAL WORKABILLITY AND SUPERIOR OVERALL PERFORMANCE,http://popeye.itia.mi.cnr.it/iru/html/db/lo.html,MUSTMET
5077,APPLICATION OF LOW TEMPERATURE COFIRED MULTILAYER CERAMIC TECHNOLOGY AND FLIP-CHIP ASSEMBLY TECHNOLOGY FOR SWITCHING CONVERTERS,http://www2.vol.at/tridonic/,AMFAS
5152,Design for Structural Safety under Extreme Loads,http://research.germanlloyd.de/Projects/DEXTREMEL/index.html,DEXTREMEL
5200,Mechatronic technologies for trains of the future,http://www.lboro.ac.uk/departments/el/research/scg/mechatronicpro/,MECHATRONIC TRAIN
5215,Improved Machinery Performance using Active Control Technology,http://www.mesym.maschinenbau.tu-darmstadt.de/f_impact.htm,IMPACT
5221,Design of human / machine interfaces and their validation in aeronautics,http://www-eurisco.onecert.fr/Diva/,
5245,The Science and Technology of Long Chain Branching in Polyolefins and their Process Control,http://www.irc.leeds.ac.uk/LCB_Brite/index.html,LCB POLYOLEFINS
5261,Shallow wetland lake functioning and restoration in a changing European environment,http://swale.sbs.liv.ac.uk/index.html,
5268,"Contaminant transport, monitoring technique and remediation strategies in cross european fractured chalk",http://www.fracflow.dk/index.htm,
5293,Fundamental aspects of metal speciation and transport in metal - contaminated soils and aquifers.,http://www.bgs.ac.uk/hydro/famest.htm,
5329,A Universal Docking-Downloading-Recharging System for AUVs,http://www.maridan.dk,EURODOCKER
5330,Dissemination and Exploitation of a Coupled Hydrodynamical-Ecological Model for Regional and Shelf Seas,http://www.mumm.ac.be/docs_en/models/coherens/coherens.html,COHERENS
5333,Inlet Dynamics Initiative : Algarve,http://www.pol.ac.uk/jjw/INDIA.html,INDIA
5336,Baltic Air - Sea - Ice Study a field experiment of Baltex,http://www.urova.fi/~arktinen/basis.htm,BASIS
5339,Demonstrator for Interoperability of Oceanographic Catalogues,http://www.cadrus.fr/oci/dinocat/,DINOCAT
5477,THE FAIR-INNOVATION (FA-INN) DISSEMINATION PROJECT: USING 57 FOCUSED WORKSHOPS AND 22 RETUER EVENTS FOR TRANSFERRING RESULTS,http://www.flair-flow.com,FA-INN
5517,SUPPORT FOR VIDEO AND MULTI-MEDIA DISSEMINATION TO DIVERSE INDUSTRIAL APPLICATIONS OF A NEW TYPE OF THERMIC SENSOR SYSTEM,http://www.captec.fr,CAPTHERM
5652,Assessing the consequences of global changes for the Barents sea region: the Barents sea impact study,http://www.urova.fi/home/arktinen/basis.htm,BASIS
5653,Global mass balance of persistent semi - volatile organic compounds: An approach with PCB as an indicator,http://www.itm.su.se/Ecotox/Axelman/Projects/Global-Soc/,GLOBAL-SOC
5657,The Adolescent Reproductive Health Network: Health system and Health Promotion Research in Eastern and Southern Africa,http://www.nutrition.uio.no/ARHNe,ARHNE
5686,Advanced kinematics for manufacturing applications,http://www.ifw.uni-hannover.de/robotool/,
5771,Adhesive joining technology in electronics manufacturing,http://www.adhesives.de,ADHESIVES IN ELECTRO
5869,A European biomaterials network,http://www.biomateria.com,
5884,A thematic network on climbing and walking robots including the support technologies for mobile robotic machines,http://www.uwe.ac.uk/clawar,CLAWAR
5886,Co-ordination of microelectronics packaging & interconnection projects: environment and trends for the development of European solutions,http://www.compete.tm.fr,COMPETE
5892,A Network for Industrially Contaminated Land in Europe,http://www.nicole.org/,NICOLE
5893,Concerted action on risk assessment for contaminated land,http://www.caracas.at/,
5926,Vertical ozone transports in the Alps II.,http://www.boku.ac.at/imp/votalp/,VOTALP II
5942,Biosensors for Environmental Monitoring/Environmental Technologies,http://www.cranfield.ac.uk/biotech/bioset.htm,
5982,Mediterranean atmospheric mercury cycle system,http://www.iia-cnr.unical.it/mamcs.htm,MAMCS
6078,Vertical Ozone transports in the Alps II,http://www.boku.ac.at/imp/votalp/,VOTALP II
6082,Marine Monitoring System 2000+ for the North Sea Region / Feasibility and Definition Phase,http://www.minvenw.nl/projects/seanet/related.html,MMS2000+
6088,Shallow Water Area Navigation,http://www.mclink.it/com/swan/,SWAN
6204,Effective policy instruments for energy efficiency in residential space heating-an international empirical analysis,http://www.ier.uni-stuttgart.de/episode,
6292,"Transfer of results from standardisation in the field of protection against explosions to industry, especially sme",http://www.safetynet.de,TREX
6467,Optical frequency conversion in semiconductor heterostructures,http://dibe.unige.it/tmr_smits,
6476,Analysis and segmentation of remote-sensing images for land-cover mapping,http://dibe.unige.it/tmr_smits,
6951,An intelligent brokering service for knowledge-component reuse on the world-wide web,http://www.swi.psy.uva.nl/projects/IBROW3/home.html,IBROW3
6954,Development and applications of novel optoelectromechanical systems micromachined in silicon,http://guernsey.et.tudelft.nl:80/mosis/,MOSIS
6974,Training of it innovators,http://www.train-it.izet.de,TRAIN-IT
6975,Improving maintenance and after sales service in the catering machine industry by introducing intelligent monitoring and control systems,http://www.tema.de/mass/Home.htm,MASS
6981,A novel methodology for the manufacturability of robust CMOS semiconductor gas sensor arrays,http://www.cnm.es/imb/proyectos.htm,GLASSGAS
6988,Visually guided robots using uncalibrated cameras,http://www.inrialpes.fr/VIGOR/,VIGOR
6992,Collaborative virtual construction and design,http://www.cisi.fr/cavalcade,CAVALCADE
6996,An integrated system for the neuroelectric control of grasp in disabled persons,http://www-arts.sssup.it/research/projects/grip/default.htm,GRIP
6999,Network oriented visualization in a clinical environment,http://www.avs.com,NOVICE
7002,Applied semantics,http://www.md.chalmers.se/Cs/Research/Semantics/APPSEM/,APPSEM
7806,Evaluation of local socio-economic strategies in disadvantaged urban areas,http://www.ils.nrw.de/netz/elses/,
8447,Processes of vertical exchange in shelf seas,http://www.pol.ac.uk/provess/,PROVESS
8720,Bioremediation and economic renewal of industrially degraded land by biomass fuel crops,http://194.201.197.23/biorenew.nsf/htmlmedia/index.html,
8724,Stimulation of bacterial mobility to enhance bioremediation of soil,http://projects.dhi.dk/bambi/,
8818,Threedimensional offline programming system for lasermachining,http://www.lzh.de,TOPLAS
8867,European salt marshes modelling,http://www.umr6553.univ-rennes1.fr/eurossam/default.htm,
9047,Development and application of super abrasive precision tools for advanced milling operations,http://www.t-tool.uni-bremen.de,
9219,Advanced tools for integrated supply chain management in European SMEs,http://osiris.sunderland.ac.uk/CHAMAN,CHAMAN
9222,Data Enhancement of Library Catalogues,http://portico.bl.uk/gabriel/en/projects/delicat.html,DELICAT
9223,DIgitised European PERiodicals,http://www.SUB.Uni-goettingen.de/gdz/dieper,DIEPER
9224,Library Performance Measurement and Quality Management System,http://equinox.dcu.ie/,EQUINOX
9225,Networked European deposit library,http://www.konbib.nl/nedlib/,NEDLIB
9226,Controlled Access to Digital Libraries in Europe,http://www.sbu.ac.uk/litc/candle/,CANDLE
9227,Developing the European digital library for economics,http://www.bib.uab.es/decomate2,DECOMATE II
9228,European Libraries and Electronic Resources in Mathematical Sciences,http://www.emis.de/projects/EULER/.,EULER
9229,Manuscripts and Letters via Integrated Networks in Europe,http://www.malvine.org/,MALVINE
9232,Geographical user interface for network-based Baltic Marine Environment Information System,http://www.baltic.vtt.fi,BALTICSEAWEB
9233,Distance Education Information Courses through Networks,http://educate.lib.chalmers.se/DEDICATE/dedindex.html,DEDICATE
9234,Distance Education in Rural Areas via Libraries,http://www.infc.ulst.ac.uk/~adrian/deral/,DERAL
9235,Libraries in European Regions - Access to Telematics and Other Resources,http://ris.sunderland.ac.uk/liberator/index.htm,LIBERATOR
9236,People & Resources Identification for a Distributed Environment,http://lirn.viscount.org.uk/pride/,PRIDE
9238,Virtual Library,http://www.wi-im.uni-koeln.de/vilib/,VILIB
9239,Libraries and Archives Collecting Newspaper Clippings Unified for Their Integration into Networks,http://germanistik.uibk.ac.at/laurin/,LAURIN
9279,A concerted European initiative towards the standardisation of the next generation still image compression,http://eurostill.epfl.ch/,EUROSTILL
9281,Video on demand and interactive video editing system,http://www.arttic.com/projects/VINE,VINE
9282,Multi-site co-operative 3d design system for architecture,http://www.m3d.org/,M3D
9285,European distributed and interactive simulation over network,http://cec.to.alespazio.it/edison.html,EDISON
9312,Comparative characterisation of oxidative stress in some congenital disorders with increased cancer proneness and early ageing,http://www.eurosproject.org,
9402,Side Impact Dummy Enhancements for Improved Occupant Protection forthe Year 2000 and Beyond,http://www.eevc.org/users/original/sid2000/,SID2000
9459,Endocrine Disrupting Ability of Environmental Pollutants,http://endocrine.ei.jrc.it/edaep.html,EDAEP
9460,Influence of rising sea level on ecosystem dynamics of salt marshes,http://www.nioo.knaw.nl/cemo/isled/isled.htm,
9465,Effects of climate induced temperature change on marine coastal fishes.,http://www.awi-bremerhaven.de/ECOLOGY/CLICOFI/,
9470,Building environmental quality evaluation for sustainability through time network,http://www.surveying.salford.ac.uk/bqextra/,
9479,A concerted action for the European Leather Industry,http://www.euroleather.com/english1.html,TANNERY NET
9490,Concerted action on environment technology,http://www.etcanet.org/,
9514,The relationship between sectoral policies and agricultural water u se in Mediterranean countries,http://polagwat.jrc.es,POLAGWAT
9540,Sediment Transport Modelling in Marine Coastal Environments,http://hydr.ct.tudelft.nl/wbk/public/sedmoc/,SEDMOC
9541,The Optimisation of Crest Level Design of Sloping Coastal Structures through Prototype Monitoring and Modelling,http://awww.rug.ac.be/opticrest/index.shtml,OPTICREST
9544,"Molecular ecology of the photosynthetic procaryote prochlorococcus, a key organism of oceanic ecosystems",http://www.sb-roscoff.fr/PROMOLEC/,PROMOLEC
9546,"Sapropels and Palaeoceanography : Palaeoceanographic, Palaeoclimatic, Palaeoenvironmental and Diagenetic Aspects of Sapropel Formation in the Eastern Mediterranean",http://hp715.geo.unimib.it/~conisma/SAP.htm,SAP
9549,Biology of Sponge Natural Products,http://www.bio.uva.nl/symbiosponge/,SYMBIOSPONGE
9551,A register of marine species in Europe to facilitate marine biodiversity research and management,http://www.erms.biol.soton.ac.uk/,SPECIES
9553,Key coastal processes in the mesotrophic Skagerrak and the oligotrophic Northern Aegean : a comparative study,http://www.uio.no/~erikbj/eu/home.htm,KEYCOP
9556,Ecological effects of protection in Mediterranean marine reserves,http://www.ctv.es/USERS/cobal1/,ECOMARE
9715,Silvolab Guyanne,http://kourou.cirad.fr,
9722,Driving new (k)commerce systems,http://www.tbi.fr/edrinks,E DRINKS
9756,Foods & perishables exports,http://www.thessal.singular.gr/foodex,FOODEX
9925,Natural History Museum,http://www.nhm.ac.uk/science/science_marketing/bioresource/index.html,
10071,European network for fuzzy logic and uncertainty modelling in information technology,http://www.mitgmbh.de/erudit/erudit.html,ERUDIT
10073,Neural and computational learning ii,http://www.neurocolt.com,NEUROCOLT
10075,A network of excellence for agent-based computing,http://www.AgentLink.org/,AGENTLINK
10108,"Uncertain knowledge, maintenance and revision in geographic information systems",http://protis.univ-mrs.fr/REVIGIS/,REVIGIS
10136,Documentary on nanotechnologies for arte,http://www.hep.lu.se/Lund-HEP/spec/,NANOTECH
10187,Mobile fieldbus devices in industry,http://www.mofdi.com,MOFDI
10220,Proof and specification assisted design environments,http://www.dcs.gla.ac.uk/prosper/,PROSPER
10222,Verification of hybrid systems,http://www-verimag.imag.fr/VHS,VHS
10245,Harbours - silting and environmental sedimentology,http://hjs.geol.uib.no/Hsense,H-SENSE
10297,Thematic Network on 2/stroke Engine Wear Parts,http://www.chem-mats.mmu.ac.uk/Research/Engine_wear/2stroke_home.htm,
10333,Modelling agroecosystems under global environmental change,http://www.iacr.bbsrc.ac.uk/aen/magec/index.htm,MAGEC
10342,Contaminated Land Rehabilitation Network for Environmental Technologies,http://www.clarinet.at/,CLARINET
10348,Tracing the water masses of the North Atlantic and the Mediterranean,http://www.misu.su.se/~doos/tracmass/tracmass.html,TRACMASS
10461,OPTAS - TASK 4.3.2/45 PART A OF THE 3RD CALL. THE EUROPEAN COMMISSION FRAMEWORK 4 RTD PROGRAMME,http://www.redscientific.demon.co.uk/,OPTAS PART A
10503,Optimisation of Airport Systems Part B,http://www.red-scientific.co.uk/optas_b.htm,OPTAS PART B
10521,QUALITY OF FREIGHT VILLAGES STRUCTURE AND OPERATIONS,http://www.freight-village.com or http://www.logistic-platform.com,FV-2000
10527,Survey on Freight Transport including a cost-comparison for Europe,http://alfa.ist.utl.pt/~cesur/softice,SOFTICE
10531,Legal and regulatory measures for sustainable transport in cities%Lat,http://www.ils.nrw.de/netz/leda,LEDA
10543,impacts of Increased and Multiple Use of Inland Navigation and Identification of Tools to Reduce Negative Impacts,http://www.xs4all.nl/~savenyer/immunity.html,IMMUNITY
10556,THE SONIC SWORD FOR PHARMACEUTICAL & NEURO PHYSIOLOGICAL RESEARCH,http://www.research-instruments.com,
10557,A SKIN CANCER SCREENING TOOL,http://www.neuroinformatik.ruhr-uni-bochum.de/,
10607,Computer-based system for enhanced design and manufacturing of as-formed metal products,http://www.quantech.es/formas.htm,FORMAS
10633,"Diagnosis and Monitoring for Machine Tools, integrated in advanced CNCs",http://www.tekniker.es\diamond,DIAMOND
10637,Development of new technology for the production of near net shape adi-parts,http://indigo4.gi.rwth-aachen.de/flyer/squeeze/squeeze.html,ADITECH
10643,Ims rapid product development,http://ims-rpd.IPA.FhG.de/,IMS RPD
10668,AN INNOVATIVE DIAGNOSE TOOL FOR EUROPEAN FARM MACHINERY REPAIRERS,http://cemagref.fr,BED
10670,FOOD & ANIMAL MONITORING EXPERT,http://www.agr.kuleuven.ac.be/dp/ztc/laboztc.htm,FAME
10689,Long-term Changes in Baltic Algal Species and Ecosystems,http://www.bot.ku.dk/biobase,BIOBASE
10706,Development of a low cost European desalination and process heat collector,http://www.eurotrough.com,
10731,Predicting offshore wind energy resources,http://www.eru.rl.ac.uk/POWER_project/POWER_project.htm,
10787,ALLIANCE OF REMOTE INSTRUCTIONAL AUTHORING & DISTRIBUTION NETWORKS FOR EUROPE (2ND PHASE),http://ariadne.unil.ch/,ARIADNE II
10788,COAST EXTENDED RENEWAL,http://coast.selisa.fr:9010/,COASTER
10790,ELECTRA 98-99,http://www.unimaas.nl/~electra,ELECTRA 98-99
10791,MULTIMEDIA EDUCATIONAL TELEMATIC APPLICATIONS,http://www.metamedia.org.uk,META
11020,IMPLANTATION IN A PILOT SCALE OF A NEW ORGANISATION FOR HOT DIP GALVANIZATION INDUSTRIES,http://www.inasmet.es,INODGI
11021,A MODULAR SHOP CONTROL TOOLKIT FOR FLEXIBLE MANUFACTURING,http://www.mcs-international.com,MOSCOT
11022,"VALIDATION OF THE MICROGAP CHAMBER TECHNOLOGY FOR DIGITAL RADIOGRAPHY, SPECIFICALLY MAMMOGRAPHY APPLICATIONS",http://www.vub.ac.be,MICADO
11023,Regional transfer and optimisation of technology related to identification and production of antibody specificities using phage display libraries,http://www.affitech.com,ANTIBODY LIBRARIES
11024,GRANULATED RETREADED TYRES FOR SLIPPERY CONDITIONS INCREASED RUBBER RECYCLING AND LESS ROAD WEAR,http://www.vegag.is/,TYRES
11027,"TRANSFER OF DETENTE INSTANTANEE CONTROLEE ""D.I.C"" TO THE AGRO-FOOD AND PHARMACEUTICAL SECTOR",http://www.abcar-dic.com,DIC
11044,Public perceptions of agricultural biotechnologies in Europe - perception of biotechnology,http://www.pabe.net,PABE
11055,LABOUR POLICIES INFORMATION NETWORK,http://www.lapin.org,LAPIN
11063,TELEMATIC MULTIDISCIPLINARY ASSISTIVE TECHNOLOGY EDUCATION,http://www.telemate.org/,TELEMATE
11182,LATIN AMERICA BUSINESS OPPORTUNITIES RESEARCH FOR TELEMATICS APPLICATION PROJECTS,http://www.sadiel.es/europa/labortel/,LABORTEL
11193,VIDEO ENFORCEMENT FOR ROAD AUTHORITIES,http://www.edt.nl/VERA.htm,VERA
11228,INTEGRATION OF NAVIGATION AND ANTICOLLISION FOR RURAL TRAFFIC ENVIRONMENT,http://www.iao.fhg.de/Projects/IN-ARTE/,IN-ARTE
11233,PROTOCOLS FOR INTEGRATED SHIP CONTROL AND EVALUATION OF SITUATIONS,http://www.itk.ntnu.no/SINTEF/pisces/,PISCES
11236,SECURE DOCUMENT DELIVERY FOR BLIND AND PARTIALLY SIGHTED PEOPLE,http://www.arttic.com/projects/Sedodel/,SEDODEL
11282,"The future developments in farm animal breeding and reproduction and their ethical, legal and consumers' implications",http://www.faip.dk,
11357,"Transnational collaboration within the EU for research in high precision engineering, micro-engineering and nanotechnology - incorporating the formation of the European Society for Precision Engineering and Nanotechnology",http://www.euspen.org,
11364,Automated inspection and maintenance of steel structures,http://www.isw.uni-stuttgart.de/projekte/aims/index.html,AIMS
11366,Production improvement by new optimised method in wood quality control and cutting with an high-performance on-line system,http://ceo.ino.it,PINOCCHIO
11382,Industrial Optical Diagnostic for on-line Control in Thermal spraying,http://www.poeton.co.uk/pands/R&D/collab/inodcot.htm,INODCOT
11436,A network on process safety,http://www.safetynet.de,SAFETYNET
11563,European Network for Oceanographic Data & Information Management,http://www.sea-search.net/,EURONODIM
11726,First principles investigation of molecular processes on the surfaces of tin oxide,http://www.3ragrocarbon.com,
12110,Information system for the ESF/QUEEN Programme,http://www.pangaea.de/Projects/QUEEN/,QUEEN/PANGAEA
12154,Development and evaluation of industrial electrochemical reactors,http://www.elsyca.com,DESINER
12161,Nde and life assessment of reformer tubes,http://www.era.co.uk/nart/nart.htm,NART
12169,Catalases for low water textile processes,http://www.compete.tm.fr,
12181,Agile reconfigurable manufacturing machinery systems,http://www.mrg.dmu.ac.uk/armms/ARMMS.htm,ARMMS
12196,"Microencapsulation for low cost, high volume, pharmaceutical applications",http://www.microlithe.com/microcap,MICROCAP
12197,Warm forging of advanced metal alloys,http://manmec.bham.ac.uk/wafam,WAFAM
12596,Development of multi-sensor techniques for monitoring the quality of fish,http://www.mustec.difres.dk/,MUSTEC
12599,Extending the Quality of Public Transport,http://www.europrojects.ie/equip,EQUIP
12654,Mediterranean model networking and archiving program,http://www.met.ed.ac.uk/mednet/index.html,MEDNET
12657,Feasibility of a new generation of test apparatus for airborne particulate systems,http://www.nomoredust.org.uk,
12886,New ecological pest management of pernicious scale insects in Mediterranean forest and groves,http://www.pierroton.inra.fr/Phocus/,PHOCUS
12934,European farms for effective clover technology,http://www.greenmount.ac.uk/effect,EFFECT
12943,Reducing chemical input in apple production in response to consumer and grower's environmental concerns by increasing the durability of natural disease resistance,http://www.inra.fr/Internet/Projets/DARE/index.htm,DARE
13015,Biobased food packaging quality assurance and food safety,http://www.mli.kvl.dk/foodchem/special/biopack,FOOD BIOPACK
13116,Private Operation and Financing of Trans-European Networks,http://projects.nei.nl/profit/,PROFIT
13138,Verifying and strengthening rural access to transport services,http://www.bealtaine.ie/virgil,VIRGIL
13188,Development and demonstrations of JBIG CODEC and associated space colour converter,http://www.enbr.org,COLOR-JBI
13204,Geometric algorithms for industrial application,http://www.mpi-sb.mpg.de/GALIA,GALIA
13289,Active non-linear mirror for optical time-division multiplexing,http://www.rubicon-net.org/,ANLM-OTDM
13346,Successful market exploitation for improved AGV's through RETRARO technology,http://www.psi-k.org,SMART
13388,Modelling the effect of land degradation on climate,http://www.ceh.ac.uk,
13490,RE-START RENEWABLE ENERGIES STRATEGIES AND TECHNOLOGY APPLICATIONS FOR REGENERATING TOWNS,http://www.resetters.org,
13678,Smart polyurethane alloys for components having electrical and thermal functional gradients,http://www.nordestprojects.com/SPACE,SPACE
13686,Development of a low cost linear friction welding machine,http://www.linfric.com,
13709,Carrying capacity assessment and impact of aquaculture in Chinese bays,http://tejo.dcea.fct.unl.pt/china/,
13710,Prediction of the resilience and recovery of disturbed coastal communities in the tropics,http://www.imedea.uib.es/natural/goi/litoralecology/predict/,PREDICT
13711,"Occurence of toxic cyanobacteria waterblooms - impact on water environments and potential human health risk. Environmental, physiological and genetic mechanisms involved in toxins production",http://www.linecyano.org,
13713,Assessment of mangrove degradation and resilience in the Indian sub-continent: the cases of godavari estuary and south west Sri Lanka,http://www.unipv.it/webbio/labweb/ecoeto/cina/index.htm,
13733,Sustainable development of African continental fisheries - a regional study of policy options and policy formation mechanisms for the Lake Chad Basin,http://www.pbs.port.ac.uk/econ/cemare/afrconfish.htm,
13886,Development and application of super abrasive precision tools for advanced machining operation,http://www.t-tool.uni-bremen.de,
13923,Exposure to arsenic and cancer risk in central and East Europe,http://www.icconsultants.co.uk/expascan.html,
13981,"Measuring,monitoring and managing sustainability - the coastal dimension",http://www.teriin.org/teri-wr/coastin,
14051,HPCN-enabled simulation of cardiovascular and other biomedical flow problems,http://www.csi.ensmp.fr/WebCSI/MEDUSE/,BLOODSIM
14059,European footwear network for electronic trading,http://www.uni-konstanz.de/crimeandculture/crimeandculture.html,EFNET
14072,New interactive and embedded system for audio guiding device,http://www.ftu-namur.org/sprew/,GUIDE-MAN2
14073,Advanced simulation interoperable architecture,http://ecologic.eu/projekte/epigov/index.htm,ASIA
14094,Bayesian knowledge extractor,http://www.tresegy.eu,BAKE
14120,Static quality assurance for software and hardware,http://www.avanzi.org/evia,SQUASH
14125,Knowledge management with intranet technologies,http://www.csi.ensmp.fr/WebCSI/PICO/,KNOWNET
14144,Medical representative on-line simulation training,http://www.lse.ac.uk/ricafe,MOST
14146,A contactless optical measurement system to verify tiles outline of different materials,http://www.isit.fraunhofer.de/german/modulint/david.html,OUTLINE
14225,Step-compliant data interface for numeric controls,http://www.step-nc.org,STEP-NC
14226,Coping with the complexity of business innovation,http://www.harmony-net.info,HARMONY
14252,Advanced modelling of visual information processing,http://www.iv.optica.csic.es/projects/amovip.html,AMOVIP
14268,Industry NGO fieldtest of improved efficiency multisensor landmine detector,http://www.iesl.forth.gr/research/activity.aspx?id=47,INFIELD
14286,Control and automation: successful technology applications in Europe,http://www.fleming.gr/en/investigators/Talianidis/index.html,CASTLE
14560,Enhancing the European VLBI Network of Radio Telescopes,http://www.jive.nl/jive/european/rtdhome.htm,
14561,European Network on Developing Techniques for Cooling and Trapping of Radioactive Ions,http://www.phys.jyu.fi/research/igisol/exotraps/,EXOTRAPS
14562,A project to provide enhanced neutron scattering capability at the highest energy transfers,http://www.isis.rl.ac.uk/molecularSpectroscopy/evs/index.htm,VESUVIO
14566,Development of a Combined Synchrotron Radiation and VUV Free-Electron Laser Facility,http://www.elettra.trieste.it/projects/euprog/fel/index.html,
